id,name,description,rarity,selling_exchange_point,image_suffix_number,will_expire
1,Incredible Gem (Green),"A Treasure you can acquire in Quests and 
through other means. Can be exchanged 
for all kinds of items at Baba's Shop.",0,1,1,0
2,Metal Fruits,"This Treasure can be acquired in the 
""Dragon Ball GT: Ultimate DB Saga"" event.",2,1,5,0
3,Hercule Badge,"A Treasure obtained in the 
""Dragon Ball GT: Baby Saga"" event.",2,1,10,0
4,Xmas Coin(s),The special Treasure available during a limited period.,2,1,6,0
5,2nd Anniversary Coin,"Coins collectable during the 
2nd Anniversary Celebration.",2,1,7,0
6,Rad Radish,"A Treasure that appears in 
""Goku and Friends Are Back!!""",0,1,11,0
7,Rad Radish (XL),"A rare Treasure that appears in 
""Goku and Friends Are Back!!""",2,1,12,0
8,Kachi Katchin,"A Treasure obtained in the 
""Dragon Ball Super: Universe Survival Saga"" event.",2,1,13,0
9,Victory's Light,"A Treasure you can acquire in 
""Super Battle Road"". 
Can be used at Baba's Shop.",2,1,14,0
10,Pudding,"A Treasure obtained in the 
""Vegeta the Indomitable Warrior"" event.",2,1,15,0
11,3rd Anniversary Coin,Coins collectable during the 3rd Anniversary Celebration.,2,1,8,0
12,5th Anniversary Coin,Coins collectable during the 5th Anniversary Celebration.,2,1,34,0
13,Blood Ruby,"A Treasure obtained in the event 
""Curse of the Blood Rubies"".",2,1,17,0
14,Cosmically Acclaimed Sweets,"A Treasure obtained in the ""Universe's Strongest?! 
Challenge the 'Great Pontas'!"" event.",2,1,18,0
15,4th Anniversary Coin,Coins collectable during the 4th Anniversary Celebration.,2,1,19,0
16,Ran Ran,"A Treasure obtained in the event 
""Mystical Adventure"".",2,1,32,0
17,Superhuman Water Seal Key,"A Treasure obtained in the 
""Vegeta's Demise?! The Secret of Planet Potaufeu"" event.",2,1,33,0
18,Sleeping Princess,"A Treasure obtained in the event 
""Sleeping Princess in Devil's Castle"".",2,1,918,0
19,Battle Mastery,"A Treasure you can acquire in 
""Extreme Super Battle Road"". 
Can be used at Baba's Shop.",2,0,35,0
20,6th Anniversary Coin,Coins collectable during the 6th Anniversary Celebration.,2,0,36,0
21,7th Anniversary Coin,A coin collectable during the 7th Anniversary Celebration.,2,0,37,0
22,Incredible Gem (Blue),"A rare Treasure you can acquire in Quests 
and through other means. Can be exchanged 
for amazing items at Baba's Shop.",1,1,2,0
23,Penenko Plushie,"A Treasure obtained in the Dragon Ball Story
""Dragon Ball Super: Super Hero"".",0,1,38,0
24,Penenko Plushie (L),"A rare Treasure obtained in the Dragon Ball Story
""Dragon Ball Super: Super Hero"".",2,1,39,0
25,Hercule's Autograph,A Treasure obtained in the World Tournament.,2,0,40,0
26,Everyone's Energy,"A special Treasure available for a limited time. 
Can be exchanged for all kinds of items at Baba's Shop. 
Valid until 2/10/2026 06:59 PST.",2,0,41,0
27,8th Anniversary Coin,A coin collectable during the 8th Anniversary Celebration.,2,0,42,0
28,Dragon Ore (Green),"A Treasure you can acquire in the event 
""Pan's Secret Adventure"" and through 
other means. Can be used at Baba's Shop.",2,0,43,0
29,9th Anniversary Coin,A coin collectable during the 9th Anniversary Celebration.,2,0,44,0
32,Super Mineral Water,"A Treasure obtained in the event 
""Stay Strong! Super Heroes of Tomorrow!"". 
Can be used at Baba's Shop.",2,1,47,0
33,Crystals of Natade Village,"A Treasure obtained in the event 
""Trio in Danger?! Adventure at Natade Village!"". 
Can be used at Baba's Shop.",2,1,48,0
34,10th Anniversary Warm-Up Coin,"A treasure you can acquire from ""10th Anniv. Is Approaching! 
Coin Collecting Missions"". Can be used at Baba's Shop.",2,0,49,0
35,10th Anniversary Coin,A coin collectable during the 10th Anniversary Celebration.,2,0,50,0
36,Proof of Mastery,"A Treasure obtained in the event 
""Training in the Clouds"". 
Can be used at Baba's Shop.",2,1,51,0
37,Reward Ticket,"A Treasure obtained in the event ""Dokkan Chronicles"". 
Can be used at Baba's Shop.",2,0,52,0
38,10th Anniversary Reward Ticket,"A Treasure that can be acquired through 
monthly Panel Missions. Can be exchanged for 
special wallpapers at Baba's Shop in the future.",2,0,53,0
39,Chance Ball Ticket,"A Treasure that can be acquired through ""Seize It! 
Dokkan Chances"". Can be exchanged for a Chance Ball 
at Baba's Shop. Valid until 7/5/2025 18:30 PST.",2,0,54,0
40,Chance Ball 1,"Proof of entry for Chance Ball 1 in ""Seize It! 
Dokkan Chances"". Can be exchanged for 
Dragon Stones at Baba's Shop if this 
Chance Ball is drawn.",2,1,55,0
41,Chance Ball 2,"Proof of entry for Chance Ball 2 in ""Seize It! 
Dokkan Chances"". Can be exchanged for 
Dragon Stones at Baba's Shop if this 
Chance Ball is drawn.",2,1,56,0
42,Chance Ball 3,"Proof of entry for Chance Ball 3 in ""Seize It! 
Dokkan Chances"". Can be exchanged for 
Dragon Stones at Baba's Shop if this 
Chance Ball is drawn.",2,0,57,0
43,Chance Ball 4,"Proof of entry for Chance Ball 4 in ""Seize It! 
Dokkan Chances"". Can be exchanged for 
Dragon Stones at Baba's Shop if this 
Chance Ball is drawn.",2,1,58,0
44,Chance Ball 5,"Proof of entry for Chance Ball 5 in ""Seize It! 
Dokkan Chances"". Can be exchanged for 
Dragon Stones at Baba's Shop if this 
Chance Ball is drawn.",2,1,59,0
45,Chance Ball 6,"Proof of entry for Chance Ball 6 in ""Seize It! 
Dokkan Chances"". Can be exchanged for 
Dragon Stones at Baba's Shop if this 
Chance Ball is drawn.",2,1,60,0
46,Chance Ball 7,"Proof of entry for Chance Ball 7 in ""Seize It! 
Dokkan Chances"". Can be exchanged for 
Dragon Stones at Baba's Shop if this 
Chance Ball is drawn.",2,0,61,0
47,Global Coin 2025,A coin collectable during the Global Dokkan Campaign.,2,0,62,0
48,Broken Pillar,"A Treasure obtained in the event 
""Exceptionally Skillful Professional"". 
Can be used at Baba's Shop.",2,1,63,0
49,Special Reward Ticket,"A treasure you can acquire through specified Summons. 
Can be used at Baba's Shop.",2,0,64,0
50,Majilite,"A Treasure obtained in the event 
""Dragon Ball DAIMA"".",2,1,65,0
51,Milk,"A Treasure you can acquire in the event 
""Study Hard, Play Hard! Turtle School's Intensive Training"" 
and through other means. Can be used at Baba's Shop.",2,1,66,0
52,Special Reward Ticket 2,"A treasure you can acquire through specified Summons. 
Can be used at Baba's Shop.",2,0,67,0
53,11th Anniversary Coin,A coin collectable during the 11th Anniversary Celebration.,2,0,68,0
54,Chance Ball Ticket,"A Treasure that can be acquired through ""Seize It! 
Dokkan Chances"". Can be exchanged for a Chance Ball 
at Baba's Shop. Valid until 1/28/2026 03:20 PST.",2,0,54,0
55,Chance Ball 1,"Proof of entry for Chance Ball 1 in ""Seize It! 
Dokkan Chances"". Can be exchanged for 
Dragon Stones at Baba's Shop if this 
Chance Ball is drawn.",2,0,55,0
56,Chance Ball 2,"Proof of entry for Chance Ball 2 in ""Seize It! 
Dokkan Chances"". Can be exchanged for 
Dragon Stones at Baba's Shop if this 
Chance Ball is drawn.",2,0,56,0
57,Chance Ball 3,"Proof of entry for Chance Ball 3 in ""Seize It! 
Dokkan Chances"". Can be exchanged for 
Dragon Stones at Baba's Shop if this 
Chance Ball is drawn.",2,0,57,0
58,Chance Ball 4,"Proof of entry for Chance Ball 4 in ""Seize It! 
Dokkan Chances"". Can be exchanged for 
Dragon Stones at Baba's Shop if this 
Chance Ball is drawn.",2,0,58,0
59,Chance Ball 5,"Proof of entry for Chance Ball 5 in ""Seize It! 
Dokkan Chances"". Can be exchanged for 
Dragon Stones at Baba's Shop if this 
Chance Ball is drawn.",2,0,59,0
60,Chance Ball 6,"Proof of entry for Chance Ball 6 in ""Seize It! 
Dokkan Chances"". Can be exchanged for 
Dragon Stones at Baba's Shop if this 
Chance Ball is drawn.",2,0,60,0
61,Chance Ball 7,"Proof of entry for Chance Ball 7 in ""Seize It! 
Dokkan Chances"". Can be exchanged for 
Dragon Stones at Baba's Shop if this 
Chance Ball is drawn.",2,0,61,0
62,Skill Orb Ticket,"A Treasure you can acquire in the event 
""In Search of Greater Power! God-Level 
Intensive Training"" and through other means. 
Can be exchanged for Skill Orbs at Baba's Shop.",2,0,69,0
1000,Super Dragon Stone,"Blue Dragon Stones you can acquire 
when purchasing Dragon Stones.",2,0,21,1
1001,God Dragon Stone,"Red Dragon Stones available 
for a limited time.",2,0,20,1
1002,スーパー龍石2,龍石購入時に入手できる青い龍石,2,0,22,1
1003,ゴッド龍石2,期間限定で入手できる赤い龍石,2,0,23,1
1004,Super Dragon Stone 3,"Blue Dragon Stones you can acquire 
when purchasing ""3rd Anniv. Super Thanks Pack"". 
Valid until 2018/8/18 21:59 PST.",2,0,24,1
1005,ゴッド龍石3,期間限定で入手できる赤い龍石,2,0,25,1
1006,Premium Dragon Stone,"Purple Dragon Stone you can acquire 
when purchasing Dragon Stones. 
Valid until 2018/8/18 21:59 PST.",2,0,26,1
1007,God Dragon Stone 3,"Red Dragon Stone available 
for a limited time.
Valid until 2018/8/18 21:59 PST.",2,0,25,1
1008,God Dragon Stone 4,"Red Dragon Stone available 
for a limited time.
Valid until 2018/10/10 23:59 PST.",2,0,28,1
1009,Premium Dragon Stone 2,"Purple Dragon Stone you can acquire 
when purchasing Dragon Stones. 
Valid until 2018/10/10 23:59 PST.",2,0,29,1
1012,God Dragon Stone 6,"Red Dragon Stone available for a limited time.
Valid until 2019/8/19 15:59 PST.",2,0,1012,1
1013,Premium Dragon Stone 3,"Purple Dragon Stone you can acquire 
when purchasing Dragon Stones. 
Valid until 2019/8/19 15:59 PST.",2,0,1013,1
1014,Premium Dragon Stone 4,"Purple Dragon Stone you can acquire 
when purchasing Dragon Stones. 
Valid until 2019/10/09 23:59 PST.",2,0,1014,1
1015,Super Dragon Stone 5,"Blue Dragon Stone valid
until 2019/12/15 15:59 PST.",2,0,1015,1
1016,God Dragon Stone 7,"Red Dragon Stone available for a limited time.
Valid until 2019/10/09 23:59 PST.",2,0,1016,1
1017,God Dragon Stone 9,"Red Dragon Stone available for a limited time.
Valid until 2020/08/17 15:59 PST.",2,0,1017,1
1018,Premium Dragon Stone 5,"Purple Dragon Stone you can acquire 
when purchasing Dragon Stones. 
Valid until 2020/08/17 15:59 PST.",2,0,1018,1
1019,Premium Dragon Stone 6,"Purple Dragon Stone you can acquire
when purchasing Dragon Stones.
Can be used at Baba's Shop.
Valid until 2020/10/11 23:59 PST.",2,0,1019,1
1020,God Dragon Stone 10,"Red Dragon Stone available for a limited time.
Can be used at Baba's Shop.
Valid until 2020/10/11 23:59 PST.",2,0,1020,1
1021,God Dragon Stone 11,"Red Dragon Stone available for a limited time.
Can be used at Baba's Shop.
Valid until 2021/1/10 15:59 PST.",2,0,1021,1
1022,Super Dragon Stone 6,"Blue Dragon Stone valid
until 2021/1/10 15:59 PST.",2,0,1022,1
1023,Memorial Dragon Stone,"Special Dragon Stone available for a limited time.
Can be used at Baba's Shop.
Valid until 2020/10/4 23:59 PST.",2,0,1023,0
1024,Super Dragon Stone 7,"Blue Dragon Stone valid
until 2021/6/05 23:59 PST.",2,0,1024,1
1025,God Dragon Stone 12,"Red Dragon Stone available for a limited time. 
Valid until 8/16/2021 15:59 PST.",2,0,1025,1
1026,Premium Dragon Stone 7,"Purple Dragon Stone you can acquire 
when purchasing Dragon Stones. 
Valid until 8/16/2021 15:59 PST.",2,0,1026,1
1027,God Dragon Stone 13,"Red Dragon Stone available for a limited time.
Can be used at Baba's Shop.
Valid until 10/11/2021 23:59 PST.",2,0,1027,1
1028,Premium Dragon Stone 8,"Purple Dragon Stone you can acquire
when purchasing Dragon Stones.
Can be used at Baba's Shop.
Valid until 10/11/2021 23:59 PST.",2,0,1028,1
1030,Memorial Dragon Stone 2,"Special Dragon Stone available for a limited time.
Can be used at Baba's Shop.
Valid until 10/5/2021 15:59 PST.",2,0,1030,0
1031,God Dragon Stone 14,"Red Dragon Stone available for a limited time. 
Can be used at Baba's Shop. 
Valid until 1/9/2022 15:59 PST.",2,0,1031,1
1032,Super Dragon Stone 8,"Blue Dragon Stone you can acquire 
when purchasing Dragon Stones. 
Can be used at Baba's Shop. 
Valid until 1/9/2022 15:59 PST.",2,0,1032,1
1033,SDBH Crossover Special Dragon Stone,"Special Dragon Stone you can acquire 
when purchasing Dragon Stones. 
Can be used at Baba's Shop. 
Valid until 12/15/2021 23:59 PST.",2,0,1033,1
1034,Special Dragon Stone,"Special Dragon Stone you can acquire 
when purchasing a certain pack. 
Can be used at Baba's Shop.
* If it is not used, it will be deleted 
180 days after being claimed.",2,0,1034,1
1035,Super Dragon Stone 9,"Blue Dragon Stone you can acquire 
when purchasing Dragon Stones. 
Can be used at Baba's Shop. 
Valid until 6/6/2022 23:59 PST.",2,0,1035,1
1036,God Dragon Stone 15,"Red Dragon Stone available for a limited time. 
Valid until 8/14/2022 22:29 PST.",2,0,1036,1
1037,Premium Dragon Stone 9,"Purple Dragon Stone you can acquire 
when purchasing Dragon Stones. 
Valid until 8/14/2022 22:29 PST.",2,0,1037,1
1038,God Dragon Stone 16,"Red Dragon Stone available for a limited time. 
Can be used at Baba's Shop. 
Valid until 10/10/2022 15:59 PST.",2,0,1038,1
1039,Premium Dragon Stone 10,"Purple Dragon Stone you can acquire 
when purchasing Dragon Stones. 
Can be used at Baba's Shop. 
Valid until 10/10/2022 15:59 PST.",2,0,1039,1
1040,Memorial Dragon Stone 3,"Special Dragon Stone available for a limited time.
Can be used at Baba's Shop.
Valid until 10/3/2022 15:59 PST.",2,0,1040,0
1041,SDBH Crossover Special Dragon Stone 2,"Special Dragon Stone you can acquire 
when purchasing Dragon Stones. 
Can be used at Baba's Shop. 
Valid until 12/12/2022 21:59 PST.",2,0,1041,1
1042,God Dragon Stone 17,"Red Dragon Stone available for a limited time. 
Can be used at Baba's Shop. 
Valid until 1/3/2023 21:59 PST.",2,0,1042,1
1043,Super Dragon Stone 10,"Blue Dragon Stone you can acquire 
when purchasing Dragon Stones. 
Can be used at Baba's Shop. 
Valid until 1/3/2023 21:59 PST.",2,0,1043,1
1044,Super Dragon Stone 11,"Blue Dragon Stone you can acquire 
when purchasing Dragon Stones. 
Can be used at Baba's Shop. 
Valid until 6/6/2023 06:59 PST.",2,0,1044,1
1045,God Dragon Stone 18,"Red Dragon Stone available for a limited time. 
Valid until 8/18/2023 15:59 PST.",2,0,1045,1
1046,Premium Dragon Stone 11,"Purple Dragon Stone you can acquire 
when purchasing Dragon Stones. 
Valid until 8/18/2023 15:59 PST.",2,0,1046,1
1049,Select Character Dragon Stone,"Special red Dragon Stone available for 
a limited time. Can be used at Baba's Shop. 
Valid until 10/12/2023 15:59 PST.",2,0,1049,1
1050,UR Premium Dragon Stone,"Special purple Dragon Stone you can 
acquire when purchasing Dragon Stones. 
Can be used at Baba's Shop. 
Valid until 10/12/2023 15:59 PST.",2,0,1050,1
1051,LR Premium Dragon Stone,"Special purple Dragon Stone you can 
acquire when purchasing Dragon Stones. 
Can be used at Baba's Shop. 
Valid until 10/12/2023 15:59 PST.",2,0,1051,1
1052,Memorial Dragon Stone 4,"Special Dragon Stone available for a limited time.
Can be used at Baba's Shop.
Valid until 10/4/2023 15:59 PST.",2,0,1052,0
1053,SDBH Crossover Special Dragon Stone 3,"Special Dragon Stone you can acquire 
when purchasing Dragon Stones. 
Can be used at Baba's Shop. 
Valid until 12/13/2023 21:59 PST.",2,0,1053,1
1054,Special Select Character Dragon Stone,"Special blue Dragon Stone you can 
acquire when purchasing Dragon Stones. 
Can be used at Baba's Shop. 
Valid until 1/5/2024 21:59 PST.",2,0,1054,1
1055,Select Character Dragon Stone 2,"Special red Dragon Stone available for 
a limited time. Can be used at Baba's Shop. 
Valid until 1/5/2024 21:59 PST.",2,0,1055,1
1056,Select Character Dragon Stone 3,"Special red Dragon Stone available for 
a limited time. Can be used at Baba's Shop. 
Valid until 6/6/2024 21:59 PST.",2,0,1056,1
1057,Special Select Character Dragon Stone 2,"Special blue Dragon Stone you can 
acquire when purchasing Dragon Stones. 
Can be used at Baba's Shop. 
Valid until 6/6/2024 21:59 PST.",2,0,1057,1
1058,LR Premium Dragon Stone 2,"Special purple Dragon Stone you can 
acquire when purchasing Dragon Stones. 
Can be used at Baba's Shop. 
Valid until 8/19/2024 15:59 PST.",2,0,1058,1
1059,Select Character Dragon Stone 4,"Special red Dragon Stone available for 
a limited time. Can be used at Baba's Shop. 
Valid until 8/19/2024 15:59 PST.",2,0,1059,1
1061,Select Character Dragon Stone 5,"Special red Dragon Stone available for
a limited time. Can be used at Baba's Shop.
Valid until 10/8/2024 23:59 PST.",2,0,1061,1
1062,UR Premium Dragon Stone 3,"Special purple Dragon Stone you can
acquire when purchasing Dragon Stones.
Can be used at Baba's Shop.
Valid until 10/8/2024 23:59 PST.",2,0,1062,1
1063,LR Premium Dragon Stone 3,"Special purple Dragon Stone you can
acquire when purchasing Dragon Stones.
Can be used at Baba's Shop.
Valid until 10/8/2024 23:59 PST.",2,0,1063,1
1064,Memorial Dragon Stone 5,"Special Dragon Stone available for a limited time.
Can be used at Baba's Shop.
Valid until 10/8/2024 23:59 PST.",2,0,1064,0
1065,Select Character Dragon Stone 6,"Special red Dragon Stone available for 
a limited time. Can be used at Baba's Shop. 
Valid until 1/3/2025 06:59 PST.",2,0,1065,1
1066,SDBH Crossover Special Dragon Stone 4,"Special Dragon Stone you can acquire 
when purchasing Dragon Stones. 
Can be used at Baba's Shop. 
Valid until 12/6/2024 06:59 PST.",2,0,1066,1
1067,Select Character Dragon Stone 7,"Special red Dragon Stone available for 
a limited time. Can be used at Baba's Shop. 
Valid until 3/25/2025 06:59 PST.",2,0,1067,1
1068,Special Select Character Dragon Stone 3,"Special blue Dragon Stone you can 
acquire when purchasing Dragon Stones. 
Can be used at Baba's Shop. 
Valid until 1/3/2025 06:59 PST.",2,0,1068,1
1069,UR Premium Dragon Stone 4,"Special purple Dragon Stone you can 
acquire when purchasing Dragon Stones. 
Can be used at Baba's Shop. 
Valid until 3/25/2025 06:59 PST.",2,0,1069,1
1070,LR Premium Dragon Stone 4,"Special purple Dragon Stone you can 
acquire when purchasing Dragon Stones. 
Can be used at Baba's Shop. 
Valid until 3/25/2025 06:59 PST.",2,0,1070,1
1072,10th Anniversary Dragon Stone,"Special Dragon Stone available for a limited time. 
Can be used at Baba's Shop. 
Valid until 3/25/2025 06:59 PST.",2,0,1072,1
1073,Special Select Character Dragon Stone 4,"Special blue Dragon Stone you can 
acquire when purchasing Dragon Stones. 
Can be used at Baba's Shop. 
Valid until 6/6/2025 06:59 PST.",2,0,1073,1
1074,Select Character Dragon Stone 8,"Special red Dragon Stone available for 
a limited time. Can be used at Baba's Shop. 
Valid until 6/6/2025 06:59 PST.",2,0,1074,1
1075,Global Dragon Stone 2025,"A Treasure that can be acquired through the 
""Global Dragon Stone Collecting Campaign"". 
Can be used at Baba's Shop.",2,0,1075,0
1076,UR Premium Dragon Stone 5,"Special purple Dragon Stone you can 
acquire when purchasing Dragon Stones. 
Can be used at Baba's Shop. 
Valid until 8/18/2025 06:59 PST.",2,0,1076,1
1077,LR Premium Dragon Stone 5,"Special purple Dragon Stone you can 
acquire when purchasing Dragon Stones. 
Can be used at Baba's Shop. 
Valid until 8/18/2025 06:59 PST.",2,0,1077,1
1078,Memorial Dragon Stone 6,"Special Dragon Stone available for a limited time. 
Can be used at Baba's Shop. 
Valid until 10/7/2025 06:59 PST.",2,0,1078,0
1079,Select Character Dragon Stone 9,"Special red Dragon Stone available for 
a limited time. Can be used at Baba's Shop. 
Valid until 10/9/2025 06:59 PST.",2,0,1079,1
1080,Special Select Character Dragon Stone 5,"Special blue Dragon Stone you can 
acquire when purchasing Dragon Stones. 
Can be used at Baba's Shop. 
Valid until 1/4/2026 06:59 PST.",2,0,1080,1
1081,Select Character Dragon Stone 10,"Special red Dragon Stone available for 
a limited time. Can be used at Baba's Shop. 
Valid until 1/2/2026 06:59 PST.",2,0,1081,1
1082,Select Character Dragon Stone 11,"Special red Dragon Stone available for 
a limited time. Can be used at Baba's Shop.",2,0,1082,0
1083,UR Premium Dragon Stone 6,"Special purple Dragon Stone you can 
acquire when purchasing Dragon Stones. 
Can be used at Baba's Shop. 
Valid until 3/12/2026 06:59 PST.",2,0,1083,1
1084,LR Premium Dragon Stone 6,"Special purple Dragon Stone you can 
acquire when purchasing Dragon Stones. 
Can be used at Baba's Shop. 
Valid until 3/12/2026 06:59 PST.",2,0,1084,1
2000,Battlefield Memory,"Treasures you can obtain in Ultimate Clash.
These can be traded for all kinds of items at Baba's Shop!",2,0,2000,0
2001,Emblem of Cooperation,"A Treasure you can acquire in ""Chain Battle"". 
Can be exchanged for Secret Treasure Chests 
at Baba's Shop.",2,0,2001,0
2002,Emblem of Unity,"A Treasure you can acquire in ""Chain Battle"". 
Can be exchanged for Secret Treasure Chests 
at Baba's Shop.",2,0,2002,0
2003,Burst Coin,"A Treasure you can acquire in Burst Mode. 
Can be exchanged for tracks in the Music Collection.",0,0,2003,0
2004,Burst Coin (Silver),"A Treasure you can acquire in Burst Mode. 
Can be exchanged for all kinds of items at Baba's Shop.",0,0,2004,0
2100,Proof of Ordeal 1,"A Treasure you can acquire in Stage 1 of 
""Awakened Power! A Trial Towards 
New Horizons"". Can be exchanged for 
Secret Treasure Chests at Baba's Shop.",2,0,2100,0
2101,Proof of Ordeal 2,"A Treasure you can acquire in Stage 2 of 
""Awakened Power! A Trial Towards 
New Horizons"". Can be exchanged for 
Secret Treasure Chests at Baba's Shop.",2,0,2101,0
2102,Secret Treasure Chest (EX Skill Orb) Ticket,"A Treasure that can be obtained in the event 
""In Search of Greater Power! God-Level 
Intensive Training"" and through other means. 
Can be exchanged for Secret Treasure Chests at Baba's Shop.",2,0,2102,0
2200,Whirling Cherry Blossoms Lucky Ticket,"A Treasure available for a limited time. 
Can be exchanged for a Secret Treasure Chest 
at Baba's Shop. Valid until 5/7/2023 15:59 PST.",2,0,2200,0
2201,Explosive Power Lucky Ticket,"A Treasure available for a limited time. 
Can be exchanged for a Secret Treasure Chest 
at Baba's Shop. Valid until 5/3/2024 15:59 PST.",2,0,2201,0
2202,Happy New Year 2025 Lucky Ticket,"A Treasure available for a limited time. 
Can be exchanged for a Secret Treasure Chest 
at Baba's Shop. Valid until 1/22/2025 06:59 PST.",2,0,2202,0
2203,Countdown to the 11th Anniversary! Secret Treasure Chest Ticket,"A special item you can acquire from the 
""Countdown to the 11th Anniversary! 
Weekly Missions"". Can be exchanged for 
a Secret Treasure Chest at Baba's Shop. 
Valid until 3/10/2026 06:59 PST.",2,0,2203,0
2204,Happy New Year 2026 Lucky Ticket,"A Treasure available for a limited time. 
Can be exchanged for a Secret Treasure Chest 
at Baba's Shop. Valid until 1/25/2026 06:59 PST.",2,0,2204,0
3000,劇戦の書 第一巻,龍石購入時に入手できるアイテム,2,0,30,0
3001,劇戦の書 第二巻,龍石購入時に入手できるアイテム,2,0,31,0
3002,劇戦の書 第三巻,龍石購入時に入手できるアイテム,2,0,3002,0
3003,劇戦の書 第四巻,龍石購入時に入手できるアイテム,2,0,3003,0
3100,Book of War: Son Family,An item available only for a limited time.,2,0,3100,0
3200,Royal Family Crest of Vegeta,"A special Treasure available during a limited period.
Can be used at Baba's Shop.",2,0,3200,0
3405,Snowman 2024,"A Treasure available during the ""Full of Passion! 
Wintertime Dokkan Campaign"". Can be used at 
Baba's Shop. Valid until 1/3/2025 06:59 PST.",2,0,3405,0
3406,Snowman 2025,"A Treasure available during the ""Blast Away the Cold! 
Wintertime Campaign"". Can be used at Baba's Shop. 
Valid until 1/2/2026 06:59 PST.",2,0,3406,0
3517,Raffle Ticket 1,"A Raffle Ticket that allows you to enter the 
""11th Anniversary! Dokkan Battle Gift Campaign"" raffle. 
Valid until 2/22/2026 06:59 PST.",2,0,3517,0
3518,Raffle Ticket 2,"A Raffle Ticket that allows you to enter the 
""11th Anniversary! Dokkan Battle Gift Campaign"" raffle. 
Valid until 3/8/2026 06:59 PST.",2,0,3518,0
3800,Quiz Challenge Ticket 1,"A Treasure used to answer the Dokkan Quiz that starts from 
1/4/2026 19:00 PST. Can be exchanged for a ""TRUE"" or 
""FALSE"" Answer Ticket at Baba's Shop. Please check 
the relevant announcement for more details on the quiz. 
Valid until 1/5/2026 18:59 PST.",2,0,3800,0
3801,Quiz Challenge Ticket 2,"A Treasure used to answer the Dokkan Quiz that starts from 
1/5/2026 19:00 PST. Can be exchanged for a ""TRUE"" or 
""FALSE"" Answer Ticket at Baba's Shop. Please check 
the relevant announcement for more details on the quiz. 
Valid until 1/6/2026 18:59 PST.",2,0,3801,0
3802,Quiz Challenge Ticket 3,"A Treasure used to answer the Dokkan Quiz that starts from 
1/6/2026 19:00 PST. Can be exchanged for a ""TRUE"" or 
""FALSE"" Answer Ticket at Baba's Shop. Please check 
the relevant announcement for more details on the quiz. 
Valid until 1/7/2026 18:59 PST.",2,0,3802,0
3803,Quiz Challenge Ticket 4,"A Treasure used to answer the Dokkan Quiz that starts from 
1/7/2026 19:00 PST. Can be exchanged for a ""TRUE"" or 
""FALSE"" Answer Ticket at Baba's Shop. Please check 
the relevant announcement for more details on the quiz. 
Valid until 1/8/2026 18:59 PST.",2,0,3803,0
3804,Quiz Challenge Ticket 5,"A Treasure used to answer the Dokkan Quiz that starts from 
1/8/2026 19:00 PST. Can be exchanged for a ""TRUE"" or 
""FALSE"" Answer Ticket at Baba's Shop. Please check 
the relevant announcement for more details on the quiz. 
Valid until 1/9/2026 18:59 PST.",2,0,3804,0
3805,"""TRUE"" Answer Ticket 1","Proof of answering ""True"" in the Dokkan Quiz that 
starts from 1/4/2026 19:00 PST. Rewards can be 
received if ""True"" is the correct answer.",2,0,3805,0
3806,"""FALSE"" Answer Ticket 1","Proof of answering ""False"" in the Dokkan Quiz that 
starts from 1/4/2026 19:00 PST. Rewards can be 
received if ""False"" is the correct answer.",2,0,3806,0
3807,"""TRUE"" Answer Ticket 2","Proof of answering ""True"" in the Dokkan Quiz that 
starts from 1/5/2026 19:00 PST. Rewards can be 
received if ""True"" is the correct answer.",2,0,3807,0
3808,"""FALSE"" Answer Ticket 2","Proof of answering ""False"" in the Dokkan Quiz that 
starts from 1/5/2026 19:00 PST. Rewards can be 
received if ""False"" is the correct answer.",2,0,3808,0
3809,"""TRUE"" Answer Ticket 3","Proof of answering ""True"" in the Dokkan Quiz that 
starts from 1/6/2026 19:00 PST. Rewards can be 
received if ""True"" is the correct answer.",2,0,3809,0
3810,"""FALSE"" Answer Ticket 3","Proof of answering ""False"" in the Dokkan Quiz that 
starts from 1/6/2026 19:00 PST. Rewards can be 
received if ""False"" is the correct answer.",2,0,3810,0
3811,"""TRUE"" Answer Ticket 4","Proof of answering ""True"" in the Dokkan Quiz that 
starts from 1/7/2026 19:00 PST. Rewards can be 
received if ""True"" is the correct answer.",2,0,3811,0
3812,"""FALSE"" Answer Ticket 4","Proof of answering ""False"" in the Dokkan Quiz that 
starts from 1/7/2026 19:00 PST. Rewards can be 
received if ""False"" is the correct answer.",2,0,3812,0
3813,"""TRUE"" Answer Ticket 5","Proof of answering ""True"" in the Dokkan Quiz that 
starts from 1/8/2026 19:00 PST. Rewards can be 
received if ""True"" is the correct answer.",2,0,3813,0
3814,"""FALSE"" Answer Ticket 5","Proof of answering ""False"" in the Dokkan Quiz that 
starts from 1/8/2026 19:00 PST. Rewards can be 
received if ""False"" is the correct answer.",2,0,3814,0
4001,Supreme Kai Stone,"A treasure you can acquire from ""Trial Missions"".",2,1,4001,0
5002,Gourmet Chocolate,"A Treasure obtained in the event 
""Evil Revived! The Most Fearsome Majin"". 
Can be used at Baba's Shop.",2,1,5002,0
5003,Baba Sticker Card,"A Treasure you can acquire in ""Pettan Battle"". 
Can be used at Baba's Shop.",2,0,5003,0
5100,Dragon Ball 40th Anniversary Reward Ticket,"A Treasure available during the 
Dragon Ball 40th Anniversary celebration. 
Can be used at Baba's Shop.",2,0,5100,0
5101,"""Dragon Ball"" Volume 1","Volume 1 of the manga ""Dragon Ball"". 
A special Treasure that cannot be exchanged.",2,0,5101,0
5102,"""Dragon Ball"" Volume 2","Volume 2 of the manga ""Dragon Ball"". 
A special Treasure that cannot be exchanged.",2,0,5102,0
5103,"""Dragon Ball"" Volume 3","Volume 3 of the manga ""Dragon Ball"". 
A special Treasure that cannot be exchanged.",2,0,5103,0
5104,"""Dragon Ball"" Volume 4","Volume 4 of the manga ""Dragon Ball"". 
A special Treasure that cannot be exchanged.",2,0,5104,0
5105,"""Dragon Ball"" Volume 5","Volume 5 of the manga ""Dragon Ball"". 
A special Treasure that cannot be exchanged.",2,0,5105,0
5106,"""Dragon Ball"" Volume 6","Volume 6 of the manga ""Dragon Ball"". 
A special Treasure that cannot be exchanged.",2,0,5106,0
5107,"""Dragon Ball"" Volume 7","Volume 7 of the manga ""Dragon Ball"". 
A special Treasure that cannot be exchanged.",2,0,5107,0
5108,"""Dragon Ball"" Volume 8","Volume 8 of the manga ""Dragon Ball"". 
A special Treasure that cannot be exchanged.",2,0,5108,0
5109,"""Dragon Ball"" Volume 9","Volume 9 of the manga ""Dragon Ball"". 
A special Treasure that cannot be exchanged.",2,0,5109,0
5110,"""Dragon Ball"" Volume 10","Volume 10 of the manga ""Dragon Ball"". 
A special Treasure that cannot be exchanged.",2,0,5110,0
5111,"""Dragon Ball"" Volume 11","Volume 11 of the manga ""Dragon Ball"". 
A special Treasure that cannot be exchanged.",2,0,5111,0
5112,"""Dragon Ball"" Volume 12","Volume 12 of the manga ""Dragon Ball"". 
A special Treasure that cannot be exchanged.",2,0,5112,0
5113,"""Dragon Ball"" Volume 13","Volume 13 of the manga ""Dragon Ball"". 
A special Treasure that cannot be exchanged.",2,0,5113,0
5114,"""Dragon Ball"" Volume 14","Volume 14 of the manga ""Dragon Ball"". 
A special Treasure that cannot be exchanged.",2,0,5114,0
5115,"""Dragon Ball"" Volume 15","Volume 15 of the manga ""Dragon Ball"". 
A special Treasure that cannot be exchanged.",2,0,5115,0
5116,"""Dragon Ball"" Volume 16","Volume 16 of the manga ""Dragon Ball"". 
A special Treasure that cannot be exchanged.",2,0,5116,0
5117,"""Dragon Ball"" Volume 17","Volume 17 of the manga ""Dragon Ball"". 
A special Treasure that cannot be exchanged.",2,0,5117,0
5118,"""Dragon Ball"" Volume 18","Volume 18 of the manga ""Dragon Ball"". 
A special Treasure that cannot be exchanged.",2,0,5118,0
5119,"""Dragon Ball"" Volume 19","Volume 19 of the manga ""Dragon Ball"". 
A special Treasure that cannot be exchanged.",2,0,5119,0
5120,"""Dragon Ball"" Volume 20","Volume 20 of the manga ""Dragon Ball"". 
A special Treasure that cannot be exchanged.",2,0,5120,0
5121,"""Dragon Ball"" Volume 21","Volume 21 of the manga ""Dragon Ball"". 
A special Treasure that cannot be exchanged.",2,0,5121,0
5122,"""Dragon Ball"" Volume 22","Volume 22 of the manga ""Dragon Ball"". 
A special Treasure that cannot be exchanged.",2,0,5122,0
5123,"""Dragon Ball"" Volume 23","Volume 23 of the manga ""Dragon Ball"". 
A special Treasure that cannot be exchanged.",2,0,5123,0
5124,"""Dragon Ball"" Volume 24","Volume 24 of the manga ""Dragon Ball"". 
A special Treasure that cannot be exchanged.",2,0,5124,0
5125,"""Dragon Ball"" Volume 25","Volume 25 of the manga ""Dragon Ball"". 
A special Treasure that cannot be exchanged.",2,0,5125,0
5126,"""Dragon Ball"" Volume 26","Volume 26 of the manga ""Dragon Ball"". 
A special Treasure that cannot be exchanged.",2,0,5126,0
5127,"""Dragon Ball"" Volume 27","Volume 27 of the manga ""Dragon Ball"". 
A special Treasure that cannot be exchanged.",2,0,5127,0
5128,"""Dragon Ball"" Volume 28","Volume 28 of the manga ""Dragon Ball"". 
A special Treasure that cannot be exchanged.",2,0,5128,0
5129,"""Dragon Ball"" Volume 29","Volume 29 of the manga ""Dragon Ball"". 
A special Treasure that cannot be exchanged.",2,0,5129,0
5130,"""Dragon Ball"" Volume 30","Volume 30 of the manga ""Dragon Ball"". 
A special Treasure that cannot be exchanged.",2,0,5130,0
5131,"""Dragon Ball"" Volume 31","Volume 31 of the manga ""Dragon Ball"". 
A special Treasure that cannot be exchanged.",2,0,5131,0
5132,"""Dragon Ball"" Volume 32","Volume 32 of the manga ""Dragon Ball"". 
A special Treasure that cannot be exchanged.",2,0,5132,0
5133,"""Dragon Ball"" Volume 33","Volume 33 of the manga ""Dragon Ball"". 
A special Treasure that cannot be exchanged.",2,0,5133,0
5134,"""Dragon Ball"" Volume 34","Volume 34 of the manga ""Dragon Ball"". 
A special Treasure that cannot be exchanged.",2,0,5134,0
5135,"""Dragon Ball"" Volume 35","Volume 35 of the manga ""Dragon Ball"". 
A special Treasure that cannot be exchanged.",2,0,5135,0
5136,"""Dragon Ball"" Volume 36","Volume 36 of the manga ""Dragon Ball"". 
A special Treasure that cannot be exchanged.",2,0,5136,0
5137,"""Dragon Ball"" Volume 37","Volume 37 of the manga ""Dragon Ball"". 
A special Treasure that cannot be exchanged.",2,0,5137,0
5138,"""Dragon Ball"" Volume 38","Volume 38 of the manga ""Dragon Ball"". 
A special Treasure that cannot be exchanged.",2,0,5138,0
5139,"""Dragon Ball"" Volume 39","Volume 39 of the manga ""Dragon Ball"". 
A special Treasure that cannot be exchanged.",2,0,5139,0
5140,"""Dragon Ball"" Volume 40","Volume 40 of the manga ""Dragon Ball"". 
A special Treasure that cannot be exchanged.",2,0,5140,0
5141,"""Dragon Ball"" Volume 41","Volume 41 of the manga ""Dragon Ball"". 
A special Treasure that cannot be exchanged.",2,0,5141,0
5142,"""Dragon Ball"" Volume 42","Volume 42 of the manga ""Dragon Ball"". 
A special Treasure that cannot be exchanged.",2,0,5142,0
7000,Dokkan Festival Coin,"A treasure you can acquire through specified Summons. 
Can be used at Baba's Shop.",3,0,7000,0
7001,Legendary Summon Coin,"A treasure you can acquire through specified Summons. 
Can be used at Baba's Shop.",3,0,7001,0
7002,Summon Coin,"A treasure you can acquire through specified Summons. 
Can be used at Baba's Shop.",3,0,7002,0
7003,Carnival Coin,"A treasure you can acquire through specified Summons. 
Can be used at Baba's Shop.",3,0,7003,0
7004,Summon Point,"A treasure you can acquire through specified Summons. 
Can be used at Baba's Shop.",3,0,7004,0
7005,40th Anniversary Special Coin,"A treasure you can acquire through specified Summons. 
Can be used at Baba's Shop.",3,0,7005,0
7100,Legendary Summon Coin (Limited),"A treasure you can acquire through specified Summons. 
Can be used at Baba's Shop.",3,0,7100,0
7101,Legendary Summon Coin (Limited) 2,"A treasure you can acquire through specified Summons. 
Can be used at Baba's Shop.",3,0,7101,0
7102,Legendary Summon Coin (Limited) 3,"A treasure you can acquire through specified Summons. 
Can be used at Baba's Shop.",3,0,7102,0
7103,Legendary Summon Coin (Limited) 4,"A treasure you can acquire through specified Summons. 
Can be used at Baba's Shop.",3,0,7103,0
7104,Legendary Summon Coin (Limited) 5,"A treasure you can acquire through specified Summons. 
Can be used at Baba's Shop.",3,0,7104,0
7105,Legendary Summon Coin (Limited) 6,"A treasure you can acquire through specified Summons. 
Can be used at Baba's Shop.",3,0,7105,0
7106,Legendary Summon Coin (Limited) 7,"A treasure you can acquire through specified Summons. 
Can be used at Baba's Shop.",3,0,7106,0
7107,Legendary Summon Coin (Limited) 8,"A treasure you can acquire through specified Summons. 
Can be used at Baba's Shop.",3,0,7107,0
7108,Legendary Summon Coin (Limited) 9,"A treasure you can acquire through specified Summons. 
Can be used at Baba's Shop.",3,0,7108,0
7109,Legendary Summon Coin (Limited) 10,"A treasure you can acquire through specified Summons. 
Can be used at Baba's Shop.",3,0,7109,0
7200,Dokkan Festival Coin (Worldwide Celebration),"A treasure you can acquire through specified Summons. 
Can be used at Baba's Shop.",3,0,7200,0
7201,Dokkan Festival Coin (10th Anniversary),"A treasure you can acquire through specified Summons. 
Can be used at Baba's Shop.",3,0,7201,0
7202,Dokkan Festival Coin (Global),"A treasure you can acquire through specified Summons. 
Can be used at Baba's Shop.",3,0,7202,0
7203,Dokkan Festival Coin (11th Anniversary),"A treasure you can acquire through specified Summons. 
Can be used at Baba's Shop.",3,0,7203,0
7300,Carnival Coin (Worldwide Celebration),"A treasure you can acquire through specified Summons. 
Can be used at Baba's Shop.",3,0,7300,0
7301,Carnival Coin (10th Anniversary),"A treasure you can acquire through specified Summons. 
Can be used at Baba's Shop.",3,0,7301,0
7302,Carnival Coin (Global),"A treasure you can acquire through specified Summons. 
Can be used at Baba's Shop.",3,0,7302,0
7303,Carnival Coin (11th Anniversary),"A treasure you can acquire through specified Summons. 
Can be used at Baba's Shop.",3,0,7303,0
7400,Dokkan Festival Coin (Limited),"A treasure you can acquire through specified Summons. 
Can be used at Baba's Shop.",3,0,7400,0
7401,Dokkan Festival Coin (Limited) 2,"A treasure you can acquire through specified Summons. 
Can be used at Baba's Shop.",3,0,7401,0
7402,Dokkan Festival Coin (Limited) 3,"A treasure you can acquire through specified Summons. 
Can be used at Baba's Shop.",3,0,7402,0
7403,Dokkan Festival Coin (Limited) 4,"A treasure you can acquire through specified Summons. 
Can be used at Baba's Shop.",3,0,7403,0
7404,Dokkan Festival Coin (Limited) 5,"A treasure you can acquire through specified Summons. 
Can be used at Baba's Shop.",3,0,7404,0
7405,Dokkan Festival Coin (Limited) 6,"A treasure you can acquire through specified Summons. 
Can be used at Baba's Shop.",3,0,7405,0
7406,Dokkan Festival Coin (Limited) 7,"A treasure you can acquire through specified Summons. 
Can be used at Baba's Shop.",3,0,7406,0
7407,Dokkan Festival Coin (Limited) 8,"A treasure you can acquire through specified Summons. 
Can be used at Baba's Shop.",3,0,7407,0
7408,Dokkan Festival Coin (Limited) 9,"A treasure you can acquire through specified Summons. 
Can be used at Baba's Shop.",3,0,7408,0
7409,Dokkan Festival Coin (Limited) 10,"A treasure you can acquire through specified Summons. 
Can be used at Baba's Shop.",3,0,7409,0
7410,Dokkan Festival Coin (Limited) 11,"A treasure you can acquire through specified Summons. 
Can be used at Baba's Shop.",3,0,7410,0
7411,Dokkan Festival Coin (Limited) 12,"A treasure you can acquire through specified Summons. 
Can be used at Baba's Shop.",3,0,7411,0
9101,Opening Celebration SSR Ticket,"An item you can acquire 
when purchasing ""Opening Celebration Pack"".
Valid until 2019/4/21 21:59 PST.",2,0,9101,1
9102,Beginner’s Ticket,"An item you can acquire 
when purchasing ""Beginner’s Pack"".",2,0,9102,0
9103,Super Dragon Stone 2,"Blue Dragon Stones you can acquire 
when purchasing ""Appreciation Pack"".",2,0,21,0
9104,God Dragon Stone 2,"Red Dragon Stones available 
for a limited time.",2,0,20,1
9105,Kamehameha Special Ticket,"An item you can acquire 
when purchasing ""Kamehameha Special Pack"".",2,0,9105,1
9106,Beginner’s Ticket,"An item you can acquire 
when purchasing ""Beginner’s Pack"".",2,0,9106,0
9107,Dokkan Thank-You Celebration Gift Card,"A Treasure that can be acquired 
during ""Dokkan Thank-You Celebration"".
Exchange it for a powerful character at Baba's Shop.",2,0,9107,0
9108,Dokkan Thank-You Celebration Gift Card 2,"A Treasure that can be acquired 
during ""Dokkan Thank-You Celebration"".
Exchange it for a powerful character at Baba's Shop.
Valid until 2019/12/15 15:59 PST.",2,0,9108,0
9109,Beginner’s Ticket,"An item you can acquire 
when purchasing ""Beginner’s Pack"".",2,0,9109,0
9110,God Dragon Stone 8,"Red Dragon Stone available for a limited time.
Valid until 2020/01/07 15:59 PST.",2,0,9110,1
9111,Love-Filled Chocolate,"A Treasure available during 
the event period of the ""Heart Skips a Beat! 
Valentine's Day Special Missions"". 
Can be used at Baba's Shop.",2,1,9111,0
9112,Growth Badge,"A Treasure available 
during the ""Filled with Energy! 
Max-Power Reinforcement Campaign"". 
Can be used at Baba's Shop.",2,1,9112,0
9113,Autumnal Training Ticket,"A Treasure available during 
the ""Late Autumn Awakening! 
Autumnal Training Campaign"". 
Can be used at Baba's Shop.",2,0,9113,0
9114,Dokkan Thank-You Celebration Gift Card 3,"A Treasure that can be acquired 
during ""Dokkan Thank-You Celebration"".
Exchange it for a powerful character at Baba's Shop.
Valid until 2020/12/10 15:59 PST.",2,0,9114,0
9115,Love-Filled Chocolate 2021,"A Treasure available for a limited time. 
Can be used at Baba's Shop. 
Valid until 2/23/2021 15:59 PST.",2,0,9115,0
9116,Beginner’s Ticket,"An item you can acquire 
when purchasing ""Beginner’s Pack"".",2,0,9116,0
9117,Dokkan Thank-You Celebration Gift Card 4,"A Treasure that can be acquired 
during ""Dokkan Thank-You Celebration"".
Exchange it for a powerful character at Baba's Shop.
Valid until 12/9/2021 21:59 PST.",2,0,9117,0
9118,Heart-Shaped Chocolate 2022,"A Treasure available for a limited time. 
Can be used at Baba's Shop. 
Valid until 2/21/2022 15:59 PST.",2,0,9118,0
9119,Power Surge Ticket,"An item you can acquire when purchasing 
""Beginner's Power Surge Pack"". 
Can be used at Baba's Shop.",2,0,9119,0
9120,Dragon Ore,"A special item you can acquire from 
""Countdown to the 7th Anniversary! 
Super Missions from the 7 Masters"". 
Can be exchanged for Dragon Stones 
during the 7th Anniversary Celebration.",2,0,9120,1
9121,Dokkan Thank-You Celebration Gift Card 5,"A Treasure that can be acquired 
during ""Dokkan Thank-You Celebration"".
Exchange it for a powerful character at Baba's Shop.
Valid until 12/4/2022 21:59 PST.",2,0,9121,0
9122,SSR Force Ticket,"An item you can acquire when purchasing certain
Rank Growth Packs. Can be used at Baba's Shop.",2,0,9122,0
9123,Heart-Shaped Chocolate 2023,"A Treasure available for a limited time. 
Can be used at Baba's Shop. 
Valid until 2/21/2023 15:59 PST.",2,0,9123,1
9124,Growth Badge 2,"A Treasure available during the event period of 
the ""8th Anniversary Countdown! Rapid Growth 
Special Missions"". Can be used at Baba's Shop.
Valid until 7/30/2023 15:59 PST.",2,0,9124,0
9125,Dokkan Thank-You Celebration Gift Card 6,"A Treasure that can be acquired 
during ""Dokkan Thank-You Celebration"". 
Exchange it for a powerful character at Baba's Shop. 
Valid until 12/6/2023 21:59 PST.",2,0,9125,0
9126,Heart-Shaped Chocolate 2024,"A Treasure available for a limited time. 
Can be used at Baba's Shop. 
Valid until 2/21/2024 15:59 PST.",2,0,9126,0
9127,Decisive Punch Ticket,"A treasure you can acquire through specified Summons. 
Can be used at Baba's Shop.",2,0,9127,0
9128,UR Premium Dragon Stone 2,"Special purple Dragon Stone you can 
acquire when purchasing Dragon Stones. 
Can be used at Baba's Shop. 
Valid until 8/19/2024 15:59 PST.",2,0,9128,1
9129,Dokkan Thank-You Celebration Gift Card 7,"A Treasure that can be acquired 
during the ""Black Friday Campaign"". 
Exchange it for a powerful character at Baba's Shop. 
Valid until 12/24/2024 15:59 PST.",2,0,9129,0
91001,Super Dragon Stone 4,"Blue Dragon Stone valid
until 2019/1/7 21:59 PST.",2,0,21,1
91002,God Dragon Stone 5,"Red Dragon Stones available 
for a limited time. 
Valid until 2019/1/7 21:59 PST.",2,0,20,1
