id,type,z_battle_stage_effect_escalation_type,banner_image_path,listbutton_image_path,announcement_id,priority,danger_line_hp,start_at,end_at,eventkagi_start_at,eventkagi_end_at,enable_battle_auto,cpu_friend_list_id,related_z_battle_stage_id,unlock_conditions
1,ZBattleStage::Normal,1,banners/en/event/eve_banner/zbattle_list_banner_1.png,banners/en/event/eve_listbutton/myp_banner_event_zbattle_001.png,103069,0,35000,2024-12-27 02:00:00,2038-01-01 00:00:00,2021-01-04 00:00:00,2038-01-01 00:00:00,1,514,,"{""level"": 30}"
2,ZBattleStage::Normal,2,banners/en/event/eve_banner/zbattle_list_banner_2.png,banners/en/event/eve_listbutton/myp_banner_event_zbattle_002.png,100842,0,35000,2024-12-27 02:00:00,2038-01-01 00:00:00,2021-01-04 00:00:00,2038-01-01 00:00:00,1,514,,"{""level"": 30}"
3,ZBattleStage::Normal,3,banners/en/event/eve_banner/zbattle_list_banner_3.png,banners/en/event/eve_listbutton/myp_banner_event_zbattle_003.png,100963,0,35000,2024-12-27 02:00:00,2038-01-01 00:00:00,2021-01-18 06:00:00,2038-01-01 00:00:00,1,514,,{}
4,ZBattleStage::Normal,4,banners/en/event/eve_banner/zbattle_list_banner_4.png,banners/en/event/eve_listbutton/myp_banner_event_zbattle_004.png,101074,0,35000,2024-12-27 02:00:00,2038-01-01 00:00:00,2021-01-04 00:00:00,2038-01-01 00:00:00,1,514,,"{""level"": 30}"
5,ZBattleStage::Normal,5,banners/en/event/eve_banner/zbattle_list_banner_5.png,banners/en/event/eve_listbutton/myp_banner_event_zbattle_005.png,100996,0,35000,2019-05-15 06:30:00,2038-01-01 00:00:00,,,1,514,,{}
6,ZBattleStage::Normal,6,banners/en/event/eve_banner/zbattle_list_banner_6.png,banners/en/event/eve_listbutton/myp_banner_event_zbattle_006.png,200292,0,35000,2024-12-27 02:00:00,2038-01-01 00:00:00,2021-01-04 00:00:00,2038-01-01 00:00:00,1,514,,"{""level"": 30}"
7,ZBattleStage::Normal,7,banners/en/event/eve_banner/zbattle_list_banner_7.png,banners/en/event/eve_listbutton/myp_banner_event_zbattle_007.png,101132,0,35000,2024-12-27 02:00:00,2038-01-01 00:00:00,2021-01-04 00:00:00,2038-01-01 00:00:00,1,514,,"{""level"": 30}"
8,ZBattleStage::Normal,8,banners/en/event/eve_banner/zbattle_list_banner_8.png,banners/en/event/eve_listbutton/myp_banner_event_zbattle_008.png,100990,0,0,2018-08-16 05:00:00,2018-08-28 04:59:59,,,1,514,,{}
9,ZBattleStage::Normal,9,banners/en/event/eve_banner/zbattle_list_banner_9.png,banners/en/event/eve_listbutton/myp_banner_event_zbattle_009.png,101037,0,35000,2024-12-27 02:00:00,2038-01-01 00:00:00,2021-01-18 06:00:00,2038-01-01 00:00:00,1,514,,{}
10,ZBattleStage::Normal,10,banners/en/event/eve_banner/zbattle_list_banner_10.png,banners/en/event/eve_listbutton/myp_banner_event_zbattle_010.png,101052,0,0,2018-05-21 06:30:00,2018-06-06 05:59:59,,,1,514,,{}
11,ZBattleStage::Normal,11,banners/en/event/eve_banner/zbattle_list_banner_11.png,banners/en/event/eve_listbutton/myp_banner_event_zbattle_011.png,101191,0,35000,2024-12-27 02:00:00,2038-01-01 00:00:00,2021-01-04 00:00:00,2038-01-01 00:00:00,1,514,,"{""level"": 30}"
12,ZBattleStage::Normal,12,banners/en/event/eve_banner/zbattle_list_banner_12.png,banners/en/event/eve_listbutton/myp_banner_event_zbattle_012.png,101284,0,35000,2024-12-27 02:00:00,2038-01-01 00:00:00,2021-01-04 00:00:00,2038-01-01 00:00:00,1,514,,"{""level"": 30}"
13,ZBattleStage::Normal,13,banners/en/event/eve_banner/zbattle_list_banner_13.png,banners/en/event/eve_listbutton/myp_banner_event_zbattle_013.png,101303,0,35000,2024-12-27 02:00:00,2038-01-01 00:00:00,2021-01-04 00:00:00,2038-01-01 00:00:00,1,514,,"{""level"": 30}"
14,ZBattleStage::Normal,14,banners/en/event/eve_banner/zbattle_list_banner_14.png,banners/en/event/eve_listbutton/myp_banner_event_zbattle_014.png,101423,0,35000,2024-12-27 02:00:00,2038-01-01 00:00:00,2021-01-04 00:00:00,2038-01-01 00:00:00,1,514,,"{""level"": 30}"
15,ZBattleStage::Normal,15,banners/en/event/eve_banner/zbattle_list_banner_15.png,banners/en/event/eve_listbutton/myp_banner_event_zbattle_015_2_R.png,101213,0,35000,2019-11-25 06:30:00,2038-01-01 00:00:00,,,1,514,,{}
16,ZBattleStage::Normal,16,banners/en/event/eve_banner/zbattle_list_banner_16.png,banners/en/event/eve_listbutton/myp_banner_event_zbattle_016.png,101236,0,35000,2024-12-27 02:00:00,2038-01-01 00:00:00,2021-01-04 00:00:00,2038-01-01 00:00:00,1,514,,"{""level"": 30}"
17,ZBattleStage::Normal,17,banners/en/event/eve_banner/zbattle_list_banner_17.png,banners/en/event/eve_listbutton/myp_banner_event_zbattle_017.png,200351,0,35000,2024-12-27 02:00:00,2038-01-01 00:00:00,2021-01-04 00:00:00,2038-01-01 00:00:00,1,514,,{}
18,ZBattleStage::Normal,18,banners/en/event/eve_banner/zbattle_list_banner_18.png,banners/en/event/eve_listbutton/myp_banner_event_zbattle_018.png,200366,0,35000,2024-12-27 02:00:00,2038-01-01 00:00:00,2021-01-04 00:00:00,2038-01-01 00:00:00,1,514,,{}
19,ZBattleStage::Normal,19,banners/en/event/eve_banner/zbattle_list_banner_19.png,banners/en/event/eve_listbutton/myp_banner_event_zbattle_019.png,101408,0,0,2022-07-07 00:00:00,2038-01-01 00:00:00,,,1,514,,{}
20,ZBattleStage::Normal,20,banners/en/event/eve_banner/zbattle_list_banner_20.png,banners/en/event/eve_listbutton/myp_banner_event_zbattle_020.png,101341,0,35000,2024-12-27 02:00:00,2038-01-01 00:00:00,2021-01-04 00:00:00,2038-01-01 00:00:00,1,514,,"{""level"": 30}"
21,ZBattleStage::Normal,21,banners/en/event/eve_banner/zbattle_list_banner_21.png,banners/en/event/eve_listbutton/myp_banner_event_zbattle_021.png,101261,0,35000,2020-02-03 06:30:00,2038-01-01 00:00:00,,,1,514,,{}
22,ZBattleStage::Normal,22,banners/en/event/eve_banner/zbattle_list_banner_22.png,banners/en/event/eve_listbutton/myp_banner_event_zbattle_022.png,101619,0,35000,2024-12-27 02:00:00,2038-01-01 00:00:00,2021-01-04 00:00:00,2038-01-01 00:00:00,1,514,,{}
23,ZBattleStage::Normal,23,banners/en/event/eve_banner/zbattle_list_banner_23.png,banners/en/event/eve_listbutton/myp_banner_event_zbattle_023.png,101576,0,35000,2024-12-27 02:00:00,2038-01-01 00:00:00,2021-01-04 00:00:00,2038-01-01 00:00:00,1,514,,"{""level"": 30}"
24,ZBattleStage::Normal,24,banners/en/event/eve_banner/zbattle_list_banner_24.png,banners/en/event/eve_listbutton/myp_banner_event_zbattle_024.png,101506,0,35000,2024-12-27 02:00:00,2038-01-01 00:00:00,2021-01-18 06:00:00,2038-01-01 00:00:00,1,514,,{}
25,ZBattleStage::Normal,25,banners/en/event/eve_banner/zbattle_list_banner_25.png,banners/en/event/eve_listbutton/myp_banner_event_zbattle_025.png,101511,0,35000,2024-11-29 00:00:00,2038-01-01 00:00:00,2021-01-04 00:00:00,2038-01-01 00:00:00,1,514,,"{""level"": 30}"
26,ZBattleStage::Normal,26,banners/en/event/eve_banner/zbattle_list_banner_26.png,banners/en/event/eve_listbutton/myp_banner_event_zbattle_026.png,101545,0,35000,2024-12-27 02:00:00,2038-01-01 00:00:00,2021-01-04 00:00:00,2038-01-01 00:00:00,1,514,,{}
27,ZBattleStage::Normal,27,banners/en/event/eve_banner/zbattle_list_banner_27.png,banners/en/event/eve_listbutton/myp_banner_event_zbattle_027.png,101665,0,35000,2020-02-03 06:30:00,2038-01-01 00:00:00,,,1,514,,{}
28,ZBattleStage::Normal,28,banners/en/event/eve_banner/zbattle_list_banner_28.png,banners/en/event/eve_listbutton/myp_banner_event_zbattle_028.png,101636,0,35000,2024-12-27 02:00:00,2038-01-01 00:00:00,2021-01-04 00:00:00,2038-01-01 00:00:00,1,514,,{}
29,ZBattleStage::Normal,29,banners/en/event/eve_banner/zbattle_list_banner_29.png,banners/en/event/eve_listbutton/myp_banner_event_zbattle_029.png,101490,0,0,2020-04-10 06:30:00,2038-01-01 00:00:00,,,1,514,,{}
30,ZBattleStage::Normal,30,banners/en/event/eve_banner/zbattle_list_banner_30.png,banners/en/event/eve_listbutton/myp_banner_event_zbattle_030.png,101673,2,35000,2024-12-27 02:00:00,2038-01-01 00:00:00,2021-01-04 00:00:00,2038-01-01 00:00:00,1,514,,"{""level"": 30}"
31,ZBattleStage::Normal,31,banners/en/event/eve_banner/zbattle_list_banner_31.png,banners/en/event/eve_listbutton/myp_banner_event_zbattle_031.png,101696,0,35000,2024-12-27 02:00:00,2038-01-01 00:00:00,2021-01-04 00:00:00,2038-01-01 00:00:00,1,514,,{}
32,ZBattleStage::Normal,32,banners/en/event/eve_banner/zbattle_list_banner_32.png,banners/en/event/eve_listbutton/myp_banner_event_zbattle_032.png,101748,0,35000,2024-12-27 02:00:00,2038-01-01 00:00:00,2021-01-04 00:00:00,2038-01-01 00:00:00,1,514,,"{""level"": 30}"
33,ZBattleStage::Normal,33,banners/en/event/eve_banner/zbattle_list_banner_33.png,banners/en/event/eve_listbutton/myp_banner_event_zbattle_033.png,101767,0,35000,2024-12-27 02:00:00,2038-01-01 00:00:00,2021-01-04 00:00:00,2038-01-01 00:00:00,1,514,,{}
34,ZBattleStage::Normal,34,banners/en/event/eve_banner/zbattle_list_banner_34.png,banners/en/event/eve_listbutton/myp_banner_event_zbattle_034.png,101785,0,35000,2021-07-07 00:00:00,2038-01-01 00:00:00,,,1,514,,{}
35,ZBattleStage::Normal,35,banners/en/event/eve_banner/zbattle_list_banner_35.png,banners/en/event/eve_listbutton/myp_banner_event_zbattle_035.png,101682,0,35000,2024-12-27 02:00:00,2038-01-01 00:00:00,2021-01-04 00:00:00,2038-01-01 00:00:00,1,514,,{}
36,ZBattleStage::Normal,36,banners/en/event/eve_banner/zbattle_list_banner_36.png,banners/en/event/eve_listbutton/myp_banner_event_zbattle_036.png,101816,0,35000,2024-12-27 02:00:00,2038-01-01 00:00:00,2021-01-04 00:00:00,2038-01-01 00:00:00,1,514,,{}
37,ZBattleStage::Normal,37,banners/en/event/eve_banner/zbattle_list_banner_37.png,banners/en/event/eve_listbutton/myp_banner_event_zbattle_037.png,101830,0,35000,2024-12-27 02:00:00,2038-01-01 00:00:00,2021-01-04 00:00:00,2038-01-01 00:00:00,1,514,,{}
38,ZBattleStage::Normal,38,banners/en/event/eve_banner/zbattle_list_banner_38.png,banners/en/event/eve_listbutton/myp_banner_event_zbattle_038.png,101799,0,35000,2024-12-27 02:00:00,2038-01-01 00:00:00,2021-01-04 00:00:00,2038-01-01 00:00:00,1,514,,{}
39,ZBattleStage::Normal,39,banners/en/event/eve_banner/zbattle_list_banner_39.png,banners/en/event/eve_listbutton/myp_banner_event_zbattle_039.png,102063,0,35000,2021-07-07 00:00:00,2038-01-01 00:00:00,,,1,514,,{}
40,ZBattleStage::Normal,40,banners/en/event/eve_banner/zbattle_list_banner_40.png,banners/en/event/eve_listbutton/myp_banner_event_zbattle_040.png,102049,0,35000,2024-12-27 02:00:00,2038-01-01 00:00:00,2021-03-18 06:18:00,2038-01-01 00:00:00,1,514,,{}
41,ZBattleStage::Normal,41,banners/en/event/eve_banner/zbattle_list_banner_41.png,banners/en/event/eve_listbutton/myp_banner_event_zbattle_041_R.png,102103,0,35000,2021-07-07 00:00:00,2038-01-01 00:00:00,,,1,514,,{}
42,ZBattleStage::Normal,42,banners/en/event/eve_banner/zbattle_list_banner_42.png,banners/en/event/eve_listbutton/myp_banner_event_zbattle_042.png,102004,0,35000,2024-12-27 02:00:00,2038-01-01 00:00:00,2021-01-04 00:00:00,2038-01-01 00:00:00,1,514,,{}
43,ZBattleStage::Normal,43,banners/en/event/eve_banner/zbattle_list_banner_43.png,banners/en/event/eve_listbutton/myp_banner_event_zbattle_043.png,102099,0,35000,2024-12-27 02:00:00,2038-01-01 00:00:00,2021-04-28 00:00:00,2038-01-01 00:00:00,1,514,,{}
44,ZBattleStage::Normal,44,banners/en/event/eve_banner/zbattle_list_banner_44.png,banners/en/event/eve_listbutton/myp_banner_event_zbattle_044.png,102130,0,35000,2022-07-07 00:00:00,2038-01-01 00:00:00,,,1,514,,{}
45,ZBattleStage::Normal,45,banners/en/event/eve_banner/zbattle_list_banner_45.png,banners/en/event/eve_listbutton/myp_banner_event_zbattle_045.png,102151,0,35000,2024-12-27 02:00:00,2038-01-01 00:00:00,2021-04-28 00:00:00,2038-01-01 00:00:00,1,514,,{}
46,ZBattleStage::Normal,46,banners/en/event/eve_banner/zbattle_list_banner_46.png,banners/en/event/eve_listbutton/myp_banner_event_zbattle_046.png,102189,0,35000,2024-12-27 02:00:00,2038-01-01 00:00:00,2021-04-28 00:00:00,2038-01-01 00:00:00,1,514,,{}
47,ZBattleStage::Normal,47,banners/en/event/eve_banner/zbattle_list_banner_47.png,banners/en/event/eve_listbutton/myp_banner_event_zbattle_047.png,102208,0,35000,2021-04-15 06:30:00,2038-01-01 00:00:00,,,1,514,,{}
48,ZBattleStage::Normal,48,banners/en/event/eve_banner/zbattle_list_banner_48.png,banners/en/event/eve_listbutton/myp_banner_event_zbattle_048.png,102329,0,35000,2024-12-27 02:00:00,2038-01-01 00:00:00,2021-08-19 06:00:00,2038-01-01 00:00:00,1,514,,{}
49,ZBattleStage::Normal,49,banners/en/event/eve_banner/zbattle_list_banner_49.png,banners/en/event/eve_listbutton/myp_banner_event_zbattle_049.png,102346,0,35000,2024-12-27 02:00:00,2038-01-01 00:00:00,2021-08-19 06:00:00,2038-01-01 00:00:00,1,514,,{}
50,ZBattleStage::Normal,50,banners/en/event/eve_banner/zbattle_list_banner_50.png,banners/en/event/eve_listbutton/myp_banner_event_zbattle_050.png,102263,0,35000,2021-06-01 06:30:00,2038-01-01 00:00:00,,,1,514,,{}
51,ZBattleStage::Normal,51,banners/en/event/eve_banner/zbattle_list_banner_51.png,banners/en/event/eve_listbutton/myp_banner_event_zbattle_051.png,102269,0,35000,2024-12-27 02:00:00,2038-01-01 00:00:00,2021-07-07 00:00:00,2038-01-01 00:00:00,1,514,,{}
52,ZBattleStage::Normal,52,banners/en/event/eve_banner/zbattle_list_banner_52.png,banners/en/event/eve_listbutton/myp_banner_event_zbattle_052.png,102170,0,35000,2024-12-27 02:00:00,2038-01-01 00:00:00,2021-04-28 00:00:00,2038-01-01 00:00:00,1,514,,{}
53,ZBattleStage::Normal,53,banners/en/event/eve_banner/zbattle_list_banner_53.png,banners/en/event/eve_listbutton/myp_banner_event_zbattle_053.png,102282,0,35000,2021-06-21 06:30:00,2038-01-01 00:00:00,,,1,514,,{}
54,ZBattleStage::Normal,54,banners/en/event/eve_banner/zbattle_list_banner_54.png,banners/en/event/eve_listbutton/myp_banner_event_zbattle_054.png,102239,0,35000,2024-12-27 02:00:00,2038-01-01 00:00:00,2021-07-07 00:00:00,2038-01-01 00:00:00,1,514,,{}
55,ZBattleStage::Normal,55,banners/en/event/eve_banner/zbattle_list_banner_55.png,banners/en/event/eve_listbutton/myp_banner_event_zbattle_055.png,102554,0,35000,2024-12-27 02:00:00,2038-01-01 00:00:00,2022-01-17 00:00:00,2038-01-01 00:00:00,1,514,,{}
56,ZBattleStage::Normal,56,banners/en/event/eve_banner/zbattle_list_banner_56.png,banners/en/event/eve_listbutton/myp_banner_event_zbattle_056.png,102574,0,35000,2024-12-27 02:00:00,2038-01-01 00:00:00,2022-01-17 00:00:00,2038-01-01 00:00:00,1,514,,"{""level"": 10}"
57,ZBattleStage::Normal,57,banners/en/event/eve_banner/zbattle_list_banner_57.png,banners/en/event/eve_listbutton/myp_banner_event_zbattle_057.png,102621,0,35000,2024-12-27 02:00:00,2038-01-01 00:00:00,2022-01-17 00:00:00,2038-01-01 00:00:00,1,514,,{}
58,ZBattleStage::Normal,58,banners/en/event/eve_banner/zbattle_list_banner_58.png,banners/en/event/eve_listbutton/myp_banner_event_zbattle_058.png,102495,0,35000,2024-12-27 02:00:00,2038-01-01 00:00:00,2021-08-28 08:00:00,2038-01-01 00:00:00,1,514,,{}
59,ZBattleStage::Normal,59,banners/en/event/eve_banner/zbattle_list_banner_59.png,banners/en/event/eve_listbutton/myp_banner_event_zbattle_059.png,102703,0,35000,2022-01-10 06:30:00,2038-01-01 00:00:00,,,1,514,,{}
60,ZBattleStage::Normal,60,banners/en/event/eve_banner/zbattle_list_banner_60.png,banners/en/event/eve_listbutton/myp_banner_event_zbattle_060.png,102735,0,35000,2024-12-27 02:00:00,2038-01-01 00:00:00,2022-07-07 00:00:00,2038-01-01 00:00:00,1,514,,{}
61,ZBattleStage::Normal,61,banners/en/event/eve_banner/zbattle_list_banner_61.png,banners/en/event/eve_listbutton/myp_banner_event_zbattle_061.png,102512,0,35000,2024-12-27 02:00:00,2038-01-01 00:00:00,2021-09-09 08:00:00,2038-01-01 00:00:00,1,514,,{}
62,ZBattleStage::Normal,62,banners/en/event/eve_banner/zbattle_list_banner_62.png,banners/en/event/eve_listbutton/myp_banner_event_zbattle_062.png,102531,0,35000,2024-12-27 02:00:00,2038-01-01 00:00:00,2021-09-23 08:00:00,2038-01-01 00:00:00,1,514,,{}
63,ZBattleStage::Normal,63,banners/en/event/eve_banner/zbattle_list_banner_63.png,banners/en/event/eve_listbutton/myp_banner_event_zbattle_063.png,102549,0,35000,2021-10-07 14:00:00,2038-01-01 00:00:00,,,1,514,,{}
64,ZBattleStage::Normal,64,banners/en/event/eve_banner/zbattle_list_banner_64.png,banners/en/event/eve_listbutton/myp_banner_event_zbattle_064.png,102661,0,35000,2024-12-27 02:00:00,2038-01-01 00:00:00,2022-01-17 00:00:00,2038-01-01 00:00:00,1,514,,{}
65,ZBattleStage::Normal,65,banners/en/event/eve_banner/zbattle_list_banner_65.png,banners/en/event/eve_listbutton/myp_banner_event_zbattle_065.png,102634,0,35000,2021-11-25 08:00:00,2038-01-01 00:00:00,,,1,514,,{}
66,ZBattleStage::Normal,66,banners/en/event/eve_banner/zbattle_list_banner_66.png,banners/en/event/eve_listbutton/myp_banner_event_zbattle_066.png,102632,0,35000,2024-11-06 05:00:00,2024-11-29 07:59:59,2022-07-07 00:00:00,2038-01-01 00:00:00,1,514,,{}
67,ZBattleStage::Normal,67,banners/en/event/eve_banner/zbattle_list_banner_67.png,banners/en/event/eve_listbutton/myp_banner_event_zbattle_067.png,102807,0,35000,2024-12-27 02:00:00,2038-01-01 00:00:00,2022-04-27 11:00:00,2038-01-01 00:00:00,1,514,,{}
68,ZBattleStage::Normal,68,banners/en/event/eve_banner/zbattle_list_banner_68.png,banners/en/event/eve_listbutton/myp_banner_event_zbattle_068.png,102775,0,35000,2024-12-27 02:00:00,2038-01-01 00:00:00,2022-04-27 11:00:00,2038-01-01 00:00:00,1,514,,{}
69,ZBattleStage::Normal,69,banners/en/event/eve_banner/zbattle_list_banner_69.png,banners/en/event/eve_listbutton/myp_banner_event_zbattle_069.png,102748,0,35000,2022-02-08 00:00:00,2038-01-01 00:00:00,,,1,514,,{}
70,ZBattleStage::Normal,70,banners/en/event/eve_banner/zbattle_list_banner_70.png,banners/en/event/eve_listbutton/myp_banner_event_zbattle_070.png,102781,0,35000,2022-02-22 00:00:00,2038-01-01 00:00:00,,,1,514,,{}
71,ZBattleStage::Normal,71,banners/en/event/eve_banner/zbattle_list_banner_71.png,banners/en/event/eve_listbutton/myp_banner_event_zbattle_071.png,102870,0,35000,2024-12-27 02:00:00,2038-01-01 00:00:00,2022-05-31 00:00:00,2038-01-01 00:00:00,1,514,,{}
72,ZBattleStage::Normal,72,banners/en/event/eve_banner/zbattle_list_banner_72.png,banners/en/event/eve_listbutton/myp_banner_event_zbattle_072.png,102985,0,35000,2022-07-19 00:00:00,2038-01-01 00:00:00,,,1,514,,{}
73,ZBattleStage::Normal,73,banners/en/event/eve_banner/zbattle_list_banner_73.png,banners/en/event/eve_listbutton/myp_banner_event_zbattle_073.png,102984,0,35000,2024-12-27 02:00:00,2038-01-01 00:00:00,2022-08-19 08:00:00,2038-01-01 00:00:00,1,514,,{}
74,ZBattleStage::Normal,74,banners/en/event/eve_banner/zbattle_list_banner_74.png,banners/en/event/eve_listbutton/myp_banner_event_zbattle_074.png,103000,0,35000,2024-12-27 02:00:00,2038-01-01 00:00:00,2022-08-19 08:00:00,2038-01-01 00:00:00,1,514,,{}
75,ZBattleStage::Normal,75,banners/en/event/eve_banner/zbattle_list_banner_75.png,banners/en/event/eve_listbutton/myp_banner_event_zbattle_075.png,103001,0,35000,2024-12-27 02:00:00,2038-01-01 00:00:00,2022-08-19 08:00:00,2038-01-01 00:00:00,1,514,,{}
76,ZBattleStage::Normal,76,banners/en/event/eve_banner/zbattle_list_banner_76.png,banners/en/event/eve_listbutton/myp_banner_event_zbattle_076.png,103012,0,35000,2024-12-27 02:00:00,2038-01-01 00:00:00,2022-08-19 08:00:00,2038-01-01 00:00:00,1,514,,{}
77,ZBattleStage::Normal,77,banners/en/event/eve_banner/zbattle_list_banner_77.png,banners/en/event/eve_listbutton/myp_banner_event_zbattle_077.png,102832,0,35000,2024-12-27 02:00:00,2038-01-01 00:00:00,2022-05-31 00:00:00,2038-01-01 00:00:00,1,514,,{}
78,ZBattleStage::Normal,78,banners/en/event/eve_banner/zbattle_list_banner_78.png,banners/en/event/eve_listbutton/myp_banner_event_zbattle_078.png,103022,0,0,2022-08-15 06:30:00,2038-01-01 00:00:00,,,1,514,,{}
79,ZBattleStage::Normal,79,banners/en/event/eve_banner/zbattle_list_banner_79.png,banners/en/event/eve_listbutton/myp_banner_event_zbattle_079.png,103023,0,35000,2024-12-27 02:00:00,2038-01-01 00:00:00,2022-08-19 08:00:00,2038-01-01 00:00:00,1,514,,{}
80,ZBattleStage::Normal,80,banners/en/event/eve_banner/zbattle_list_banner_80.png,banners/en/event/eve_listbutton/myp_banner_event_zbattle_080.png,102893,0,35000,2024-12-27 02:00:00,2038-01-01 00:00:00,2022-05-02 08:00:00,2038-01-01 00:00:00,1,514,,{}
81,ZBattleStage::Normal,81,banners/en/event/eve_banner/zbattle_list_banner_81.png,banners/en/event/eve_listbutton/myp_banner_event_zbattle_081.png,102903,0,35000,2024-12-27 02:00:00,2038-01-01 00:00:00,2022-07-07 00:00:00,2038-01-01 00:00:00,1,514,,{}
82,ZBattleStage::Normal,82,banners/en/event/eve_banner/zbattle_list_banner_82.png,banners/en/event/eve_listbutton/myp_banner_event_zbattle_082.png,103182,0,35000,2024-12-27 02:00:00,2038-01-01 00:00:00,2023-01-01 00:00:00,2038-01-01 00:00:00,1,514,,{}
83,ZBattleStage::Normal,83,banners/en/event/eve_banner/zbattle_list_banner_83.png,banners/en/event/eve_listbutton/myp_banner_event_zbattle_083.png,103221,0,35000,2024-12-27 02:00:00,2038-01-01 00:00:00,2023-01-01 00:00:00,2038-01-01 00:00:00,1,514,,{}
84,ZBattleStage::Normal,84,banners/en/event/eve_banner/zbattle_list_banner_84.png,banners/en/event/eve_listbutton/myp_banner_event_zbattle_084.png,103235,0,35000,2024-12-27 02:00:00,2038-01-01 00:00:00,2023-01-01 00:00:00,2038-01-01 00:00:00,1,514,,{}
85,ZBattleStage::Normal,85,banners/en/event/eve_banner/zbattle_list_banner_85.png,banners/en/event/eve_listbutton/myp_banner_event_zbattle_085.png,103236,0,35000,2024-12-27 02:00:00,2038-01-01 00:00:00,2023-01-01 00:00:00,2038-01-01 00:00:00,1,514,,{}
86,ZBattleStage::Normal,86,banners/en/event/eve_banner/zbattle_list_banner_86.png,banners/en/event/eve_listbutton/myp_banner_event_zbattle_086.png,103013,0,35000,2024-12-27 02:00:00,2038-01-01 00:00:00,2022-08-19 08:00:00,2038-01-01 00:00:00,1,514,,{}
87,ZBattleStage::Normal,87,banners/en/event/eve_banner/zbattle_list_banner_87.png,banners/en/event/eve_listbutton/myp_banner_event_zbattle_087.png,103133,0,35000,2024-12-27 02:00:00,2038-01-01 00:00:00,2023-01-01 00:00:00,2038-01-01 00:00:00,1,514,,{}
88,ZBattleStage::Normal,88,banners/en/event/eve_banner/zbattle_list_banner_88.png,banners/en/event/eve_listbutton/myp_banner_event_zbattle_088.png,103137,0,35000,2022-10-17 06:30:00,2038-01-01 00:00:00,,,1,514,,{}
89,ZBattleStage::Normal,89,banners/en/event/eve_banner/zbattle_list_banner_89.png,banners/en/event/eve_listbutton/myp_banner_event_zbattle_089.png,103065,0,35000,2024-12-27 02:00:00,2038-01-01 00:00:00,2023-01-01 00:00:00,2038-01-01 00:00:00,1,514,,{}
90,ZBattleStage::Normal,90,banners/en/event/eve_banner/zbattle_list_banner_90.png,banners/en/event/eve_listbutton/myp_banner_event_zbattle_090.png,103066,0,35000,2024-12-27 02:00:00,2038-01-01 00:00:00,2023-01-01 00:00:00,2038-01-01 00:00:00,1,514,,{}
91,ZBattleStage::Normal,91,banners/en/event/eve_banner/zbattle_list_banner_91.png,banners/en/event/eve_listbutton/myp_banner_event_zbattle_091.png,103085,0,35000,2024-12-27 02:00:00,2038-01-01 00:00:00,2023-01-01 00:00:00,2038-01-01 00:00:00,1,514,,{}
92,ZBattleStage::Normal,92,banners/en/event/eve_banner/zbattle_list_banner_92.png,banners/en/event/eve_listbutton/myp_banner_event_zbattle_092.png,103107,0,35000,2024-12-27 02:00:00,2038-01-01 00:00:00,2023-01-01 00:00:00,2038-01-01 00:00:00,1,514,,{}
93,ZBattleStage::Normal,93,banners/en/event/eve_banner/zbattle_list_banner_93.png,banners/en/event/eve_listbutton/myp_banner_event_zbattle_093.png,103313,0,35000,2024-12-27 02:00:00,2038-01-01 00:00:00,2023-05-31 00:00:00,2038-01-01 00:00:00,1,514,,{}
94,ZBattleStage::Normal,94,banners/en/event/eve_banner/zbattle_list_banner_94.png,banners/en/event/eve_listbutton/myp_banner_event_zbattle_094.png,103349,0,35000,2024-12-27 02:00:00,2038-01-01 00:00:00,2023-05-31 00:00:00,2038-01-01 00:00:00,1,514,,{}
95,ZBattleStage::Normal,95,banners/en/event/eve_banner/zbattle_list_banner_95.png,banners/en/event/eve_listbutton/myp_banner_event_zbattle_095.png,103200,0,35000,2024-11-06 05:00:00,2024-11-29 07:59:59,2023-07-07 00:00:00,2038-01-01 00:00:00,1,514,,{}
96,ZBattleStage::Normal,96,banners/en/event/eve_banner/zbattle_list_banner_96.png,banners/en/event/eve_listbutton/myp_banner_event_zbattle_096.png,103391,0,35000,2024-12-27 02:00:00,2038-01-01 00:00:00,2023-05-31 00:00:00,2038-01-01 00:00:00,1,514,,{}
97,ZBattleStage::Normal,97,banners/en/event/eve_banner/zbattle_list_banner_97.png,banners/en/event/eve_listbutton/myp_banner_event_zbattle_097.png,103269,0,35000,2024-12-27 02:00:00,2038-01-01 00:00:00,2023-01-05 08:00:00,2038-01-01 00:00:00,1,514,,{}
98,ZBattleStage::Normal,98,banners/en/event/eve_banner/zbattle_list_banner_98.png,banners/en/event/eve_listbutton/myp_banner_event_zbattle_098.png,103270,0,35000,2024-12-27 02:00:00,2038-01-01 00:00:00,2023-01-05 08:00:00,2038-01-01 00:00:00,1,514,,{}
99,ZBattleStage::Normal,99,banners/en/event/eve_banner/zbattle_list_banner_99.png,banners/en/event/eve_listbutton/myp_banner_event_zbattle_099.png,103365,0,35000,2023-03-23 08:00:00,2038-01-01 00:00:00,,,1,514,,{}
100,ZBattleStage::Normal,100,banners/en/event/eve_banner/zbattle_list_banner_100.png,banners/en/event/eve_listbutton/myp_banner_event_zbattle_100.png,103332,0,35000,2024-12-27 02:00:00,2038-01-01 00:00:00,2023-05-31 00:00:00,2038-01-01 00:00:00,1,514,,{}
101,ZBattleStage::Normal,101,banners/en/event/eve_banner/zbattle_list_banner_101.png,banners/en/event/eve_listbutton/myp_banner_event_zbattle_101.png,103333,0,35000,2024-12-27 02:00:00,2038-01-01 00:00:00,2023-05-31 00:00:00,2038-01-01 00:00:00,1,514,,{}
102,ZBattleStage::Normal,102,banners/en/event/eve_banner/zbattle_list_banner_102.png,banners/en/event/eve_listbutton/myp_banner_event_zbattle_102.png,103315,0,35000,2024-12-27 02:00:00,2038-01-01 00:00:00,2023-05-31 00:00:00,2038-01-01 00:00:00,1,514,,{}
103,ZBattleStage::Normal,103,banners/en/event/eve_banner/zbattle_list_banner_103.png,banners/en/event/eve_listbutton/myp_banner_event_zbattle_103.png,103550,0,35000,2024-12-27 02:00:00,2038-01-01 00:00:00,2023-08-18 06:00:00,2038-01-01 00:00:00,1,514,,{}
104,ZBattleStage::Normal,104,banners/en/event/eve_banner/zbattle_list_banner_104.png,banners/en/event/eve_listbutton/myp_banner_event_zbattle_104.png,103551,0,35000,2024-12-27 02:00:00,2038-01-01 00:00:00,2023-08-18 06:00:00,2038-01-01 00:00:00,1,514,,{}
105,ZBattleStage::Normal,105,banners/en/event/eve_banner/zbattle_list_banner_105.png,banners/en/event/eve_listbutton/myp_banner_event_zbattle_105.png,103562,0,35000,2024-12-27 02:00:00,2038-01-01 00:00:00,2023-08-18 06:00:00,2038-01-01 00:00:00,1,514,,{}
106,ZBattleStage::Normal,106,banners/en/event/eve_banner/zbattle_list_banner_106.png,banners/en/event/eve_listbutton/myp_banner_event_zbattle_106.png,103563,0,35000,2024-12-27 02:00:00,2038-01-01 00:00:00,2023-08-18 06:00:00,2038-01-01 00:00:00,1,514,,{}
107,ZBattleStage::Normal,107,banners/en/event/eve_banner/zbattle_list_banner_107.png,banners/en/event/eve_listbutton/myp_banner_event_zbattle_107.png,103579,0,35000,2024-12-27 02:00:00,2038-01-01 00:00:00,2023-08-18 06:00:00,2038-01-01 00:00:00,1,514,,{}
108,ZBattleStage::Normal,108,banners/en/event/eve_banner/zbattle_list_banner_108.png,banners/en/event/eve_listbutton/myp_banner_event_zbattle_108.png,103580,0,35000,2024-12-27 02:00:00,2038-01-01 00:00:00,2023-08-18 06:00:00,2038-01-01 00:00:00,1,514,,{}
109,ZBattleStage::Normal,109,banners/en/event/eve_banner/zbattle_list_banner_109.png,banners/en/event/eve_listbutton/myp_banner_event_zbattle_109.png,103364,0,35000,2024-12-27 02:00:00,2038-01-01 00:00:00,2023-05-31 00:00:00,2038-01-01 00:00:00,1,514,,{}
110,ZBattleStage::Normal,110,banners/en/event/eve_banner/zbattle_list_banner_110.png,banners/en/event/eve_listbutton/myp_banner_event_zbattle_110.png,103473,0,35000,2024-12-27 02:00:00,2038-01-01 00:00:00,2023-07-07 00:00:00,2038-01-01 00:00:00,1,514,,{}
111,ZBattleStage::Normal,111,banners/en/event/eve_banner/zbattle_list_banner_111.png,banners/en/event/eve_listbutton/myp_banner_event_zbattle_111.png,103599,0,35000,2024-12-27 02:00:00,2038-01-01 00:00:00,2023-08-18 06:00:00,2038-01-01 00:00:00,1,514,,{}
112,ZBattleStage::Normal,112,banners/en/event/eve_banner/zbattle_list_banner_112.png,banners/en/event/eve_listbutton/myp_banner_event_zbattle_112.png,103419,0,35000,2024-12-27 02:00:00,2038-01-01 00:00:00,2023-07-07 00:00:00,2038-01-01 00:00:00,1,514,,{}
113,ZBattleStage::Normal,113,banners/en/event/eve_banner/zbattle_list_banner_113.png,banners/en/event/eve_listbutton/myp_banner_event_zbattle_113.png,103691,0,35000,2024-12-27 02:00:00,2038-01-01 00:00:00,2024-01-01 02:00:00,2038-01-01 00:00:00,1,514,,{}
114,ZBattleStage::Normal,114,banners/en/event/eve_banner/zbattle_list_banner_114.png,banners/en/event/eve_listbutton/myp_banner_event_zbattle_114.png,103745,0,35000,2024-12-27 02:00:00,2038-01-01 00:00:00,2024-01-01 02:00:00,2038-01-01 00:00:00,1,514,,{}
115,ZBattleStage::Normal,115,banners/en/event/eve_banner/zbattle_list_banner_115.png,banners/en/event/eve_listbutton/myp_banner_event_zbattle_115.png,103842,0,35000,2024-01-17 06:30:00,2038-01-01 00:00:00,,,1,514,,{}
116,ZBattleStage::Normal,116,banners/en/event/eve_banner/zbattle_list_banner_116.png,banners/en/event/eve_listbutton/myp_banner_event_zbattle_116.png,103834,0,35000,2024-12-27 02:00:00,2038-01-01 00:00:00,2024-04-26 08:00:00,2038-01-01 00:00:00,1,514,,{}
117,ZBattleStage::Normal,117,banners/en/event/eve_banner/zbattle_list_banner_117.png,banners/en/event/eve_listbutton/myp_banner_event_zbattle_117.png,103710,0,35000,2023-10-23 06:30:00,2038-01-01 00:00:00,,,1,514,,{}
118,ZBattleStage::Normal,118,banners/en/event/eve_banner/zbattle_list_banner_118.png,banners/en/event/eve_listbutton/myp_banner_event_zbattle_118.png,103855,0,35000,2024-12-27 02:00:00,2038-01-01 00:00:00,2024-04-26 08:00:00,2038-01-01 00:00:00,1,514,,{}
119,ZBattleStage::Normal,119,banners/en/event/eve_banner/zbattle_list_banner_119.png,banners/en/event/eve_listbutton/myp_banner_event_zbattle_119.png,103638,0,35000,2024-12-27 02:00:00,2038-01-01 00:00:00,2024-01-01 02:00:00,2038-01-01 00:00:00,1,514,,{}
120,ZBattleStage::Normal,120,banners/en/event/eve_banner/zbattle_list_banner_120.png,banners/en/event/eve_listbutton/myp_banner_event_zbattle_120.png,103648,0,35000,2024-12-27 02:00:00,2038-01-01 00:00:00,2024-01-01 02:00:00,2038-01-01 00:00:00,1,514,,{}
121,ZBattleStage::Normal,121,banners/en/event/eve_banner/zbattle_list_banner_121.png,banners/en/event/eve_listbutton/myp_banner_event_zbattle_121.png,103656,0,35000,2024-12-27 02:00:00,2038-01-01 00:00:00,2024-01-01 02:00:00,2038-01-01 00:00:00,1,514,,{}
122,ZBattleStage::Normal,122,banners/en/event/eve_banner/zbattle_list_banner_122.png,banners/en/event/eve_listbutton/myp_banner_event_zbattle_122.png,103665,0,35000,2023-09-15 08:00:00,2038-01-01 00:00:00,,,1,514,,{}
123,ZBattleStage::Normal,123,banners/en/event/eve_banner/zbattle_list_banner_123.png,banners/en/event/eve_listbutton/myp_banner_event_zbattle_123.png,103669,0,35000,2024-12-27 02:00:00,2038-01-01 00:00:00,2024-01-01 02:00:00,2038-01-01 00:00:00,1,514,,{}
124,ZBattleStage::Normal,124,banners/en/event/eve_banner/zbattle_list_banner_124.png,banners/en/event/eve_listbutton/myp_banner_event_zbattle_124.png,103676,0,35000,2024-12-27 02:00:00,2038-01-01 00:00:00,2024-01-01 02:00:00,2038-01-01 00:00:00,1,514,,{}
125,ZBattleStage::Normal,125,banners/en/event/eve_banner/zbattle_list_banner_125.png,banners/en/event/eve_listbutton/myp_banner_event_zbattle_125.png,103874,0,35000,2024-12-27 02:00:00,2038-01-01 00:00:00,2024-04-26 08:00:00,2038-01-01 00:00:00,1,514,,{}
126,ZBattleStage::Normal,126,banners/en/event/eve_banner/zbattle_list_banner_126.png,banners/en/event/eve_listbutton/myp_banner_event_zbattle_126.png,103773,0,35000,2024-11-06 05:00:00,2024-11-29 07:59:59,2024-07-07 00:00:00,2038-01-01 00:00:00,1,514,,{}
127,ZBattleStage::Normal,127,banners/en/event/eve_banner/zbattle_list_banner_127.png,banners/en/event/eve_listbutton/myp_banner_event_zbattle_127.png,103914,0,35000,2024-12-27 02:00:00,2038-01-01 00:00:00,2024-04-26 08:00:00,2038-01-01 00:00:00,1,514,,{}
128,ZBattleStage::Normal,128,banners/en/event/eve_banner/zbattle_list_banner_128.png,banners/en/event/eve_listbutton/myp_banner_event_zbattle_128.png,103800,0,35000,2024-12-27 02:00:00,2038-01-01 00:00:00,2024-01-01 02:00:00,2038-01-01 00:00:00,1,514,,{}
129,ZBattleStage::Normal,129,banners/en/event/eve_banner/zbattle_list_banner_129.png,banners/en/event/eve_listbutton/myp_banner_event_zbattle_129.png,103818,0,35000,2024-12-27 02:00:00,2038-01-01 00:00:00,2024-01-01 02:00:00,2038-01-01 00:00:00,1,514,,{}
130,ZBattleStage::Normal,130,banners/en/event/eve_banner/zbattle_list_banner_130.png,banners/en/event/eve_listbutton/myp_banner_event_zbattle_130.png,103982,0,35000,2024-12-27 02:00:00,2038-01-01 00:00:00,2024-04-26 08:00:00,2038-01-01 00:00:00,1,514,,{}
131,ZBattleStage::Normal,131,banners/en/event/eve_banner/zbattle_list_banner_131.png,banners/en/event/eve_listbutton/myp_banner_event_zbattle_131.png,104108,0,35000,2024-12-27 02:00:00,2038-01-01 00:00:00,2024-07-07 00:00:00,2038-01-01 00:00:00,1,514,,{}
132,ZBattleStage::Normal,132,banners/en/event/eve_banner/zbattle_list_banner_132.png,banners/en/event/eve_listbutton/myp_banner_event_zbattle_132.png,103895,0,35000,2024-12-27 02:00:00,2038-01-01 00:00:00,2024-04-26 08:00:00,2038-01-01 00:00:00,1,514,,{}
133,ZBattleStage::Normal,133,banners/en/event/eve_banner/zbattle_list_banner_133.png,banners/en/event/eve_listbutton/myp_banner_event_zbattle_133.png,104134,0,35000,2024-12-27 02:00:00,2038-01-01 00:00:00,2024-08-21 06:00:00,2038-01-01 00:00:00,1,514,,{}
134,ZBattleStage::Normal,134,banners/en/event/eve_banner/zbattle_list_banner_134.png,banners/en/event/eve_listbutton/myp_banner_event_zbattle_134.png,104174,0,35000,2024-12-27 02:00:00,2038-01-01 00:00:00,2024-08-21 06:00:00,2038-01-01 00:00:00,1,514,,{}
135,ZBattleStage::Normal,135,banners/en/event/eve_banner/zbattle_list_banner_135.png,banners/en/event/eve_listbutton/myp_banner_event_zbattle_135.png,104175,0,35000,2024-12-27 02:00:00,2038-01-01 00:00:00,2024-08-21 06:00:00,2038-01-01 00:00:00,1,514,,{}
136,ZBattleStage::Normal,136,banners/en/event/eve_banner/zbattle_list_banner_136.png,banners/en/event/eve_listbutton/myp_banner_event_zbattle_136.png,103944,0,35000,2024-12-27 02:00:00,2038-01-01 00:00:00,2024-04-26 08:00:00,2038-01-01 00:00:00,1,514,,{}
137,ZBattleStage::Normal,137,banners/en/event/eve_banner/zbattle_list_banner_137.png,banners/en/event/eve_listbutton/myp_banner_event_zbattle_137.png,104155,0,35000,2024-12-27 02:00:00,2038-01-01 00:00:00,2024-08-21 06:00:00,2038-01-01 00:00:00,1,514,,{}
138,ZBattleStage::Normal,138,banners/en/event/eve_banner/zbattle_list_banner_138.png,banners/en/event/eve_listbutton/myp_banner_event_zbattle_138.png,104060,0,35000,2024-12-27 02:00:00,2038-01-01 00:00:00,2024-07-07 00:00:00,2038-01-01 00:00:00,1,514,,{}
139,ZBattleStage::Normal,139,banners/en/event/eve_banner/zbattle_list_banner_139.png,banners/en/event/eve_listbutton/myp_banner_event_zbattle_139.png,103983,0,35000,2024-12-27 02:00:00,2038-01-01 00:00:00,2024-04-26 08:00:00,2038-01-01 00:00:00,1,514,,{}
140,ZBattleStage::Normal,140,banners/en/event/eve_banner/zbattle_list_banner_140.png,banners/en/event/eve_listbutton/myp_banner_event_zbattle_140.png,104009,0,35000,2024-12-27 02:00:00,2038-01-01 00:00:00,2024-07-07 00:00:00,2038-01-01 00:00:00,1,514,,{}
141,ZBattleStage::Normal,141,banners/en/event/eve_banner/zbattle_list_banner_141.png,banners/en/event/eve_listbutton/myp_banner_event_zbattle_141.png,104010,0,35000,2024-12-27 02:00:00,2038-01-01 00:00:00,2024-07-07 00:00:00,2038-01-01 00:00:00,1,514,,{}
142,ZBattleStage::Normal,142,banners/en/event/eve_banner/zbattle_list_banner_142.png,banners/en/event/eve_listbutton/myp_banner_event_zbattle_142.png,104006,0,35000,2024-12-27 02:00:00,2038-01-01 00:00:00,2024-07-07 00:00:00,2038-01-01 00:00:00,1,514,,{}
144,ZBattleStage::Normal,144,banners/en/event/eve_banner/zbattle_list_banner_144.png,banners/en/event/eve_listbutton/myp_banner_event_zbattle_144.png,104024,0,35000,2024-12-27 02:00:00,2038-01-01 00:00:00,2024-07-07 00:00:00,2038-01-01 00:00:00,1,514,,{}
145,ZBattleStage::Normal,145,banners/en/event/eve_banner/zbattle_list_banner_145.png,banners/en/event/eve_listbutton/myp_banner_event_zbattle_145.png,104179,0,35000,2024-12-27 02:00:00,2038-01-01 00:00:00,2024-08-21 06:00:00,2038-01-01 00:00:00,1,514,,{}
146,ZBattleStage::Normal,146,banners/en/event/eve_banner/zbattle_list_banner_146.png,banners/en/event/eve_listbutton/myp_banner_event_zbattle_146.png,104180,0,35000,2024-12-27 02:00:00,2038-01-01 00:00:00,2024-08-21 06:00:00,2038-01-01 00:00:00,1,514,,{}
147,ZBattleStage::Normal,147,banners/en/event/eve_banner/zbattle_list_banner_147.png,banners/en/event/eve_listbutton/myp_banner_event_zbattle_147.png,105306,0,35000,2024-11-21 08:00:00,2038-01-01 00:00:00,,,1,514,,{}
148,ZBattleStage::Normal,148,banners/en/event/eve_banner/zbattle_list_banner_148.png,banners/en/event/eve_listbutton/myp_banner_event_zbattle_148.png,104181,0,35000,2024-12-27 02:00:00,2038-01-01 00:00:00,2024-08-21 06:00:00,2038-01-01 00:00:00,1,514,,{}
149,ZBattleStage::Normal,149,banners/en/event/eve_banner/zbattle_list_banner_149.png,banners/en/event/eve_listbutton/myp_banner_event_zbattle_149.png,104434,0,35000,2024-12-17 05:00:00,2038-01-01 00:00:00,2024-11-04 08:00:00,2038-01-01 00:00:00,1,514,,{}
150,ZBattleStage::Normal,150,banners/en/event/eve_banner/zbattle_list_banner_150.png,banners/en/event/eve_listbutton/myp_banner_event_zbattle_150.png,104442,0,35000,2024-10-28 05:00:00,2038-01-01 00:00:00,,,1,514,,{}
151,ZBattleStage::Normal,151,banners/en/event/eve_banner/zbattle_list_banner_151.png,banners/en/event/eve_listbutton/myp_banner_event_zbattle_151.png,104246,0,35000,2024-12-27 02:00:00,2038-01-01 00:00:00,2024-10-03 08:00:00,2038-01-01 00:00:00,1,514,,{}
152,ZBattleStage::Normal,152,banners/en/event/eve_banner/zbattle_list_banner_152.png,banners/en/event/eve_listbutton/myp_banner_event_zbattle_152.png,104297,0,35000,2024-12-27 02:00:00,2038-01-01 00:00:00,2024-10-03 08:00:00,2038-01-01 00:00:00,1,514,,{}
153,ZBattleStage::Normal,153,banners/en/event/eve_banner/zbattle_list_banner_153.png,banners/en/event/eve_listbutton/myp_banner_event_zbattle_153.png,104300,0,35000,2024-12-27 02:00:00,2038-01-01 00:00:00,2024-10-03 08:00:00,2038-01-01 00:00:00,1,514,,{}
154,ZBattleStage::Normal,154,banners/en/event/eve_banner/zbattle_list_banner_154.png,banners/en/event/eve_listbutton/myp_banner_event_zbattle_154.png,104343,0,35000,2024-12-27 02:00:00,2038-01-01 00:00:00,2024-10-03 08:00:00,2038-01-01 00:00:00,1,514,,{}
155,ZBattleStage::Normal,155,banners/en/event/eve_banner/zbattle_list_banner_155.png,banners/en/event/eve_listbutton/myp_banner_event_zbattle_155.png,104356,0,35000,2024-12-27 02:00:00,2038-01-01 00:00:00,2024-10-18 08:00:00,2038-01-01 00:00:00,1,514,,{}
156,ZBattleStage::Normal,156,banners/en/event/eve_banner/zbattle_list_banner_156.png,banners/en/event/eve_listbutton/myp_banner_event_zbattle_156.png,104423,0,35000,2024-12-27 02:00:00,2025-03-18 14:59:59,2024-12-27 02:00:00,2038-01-01 00:00:00,1,514,,{}
157,ZBattleStage::Normal,157,banners/en/event/eve_banner/zbattle_list_banner_157.png,banners/en/event/eve_listbutton/myp_banner_event_zbattle_157.png,104355,0,35000,2024-12-27 02:00:00,2038-01-01 00:00:00,2024-10-18 08:00:00,2038-01-01 00:00:00,1,514,,{}
158,ZBattleStage::Normal,158,banners/en/event/eve_banner/zbattle_list_banner_158.png,banners/en/event/eve_listbutton/myp_banner_event_zbattle_158.png,104424,0,35000,2024-12-27 02:00:00,2025-03-18 14:59:59,2024-12-27 02:00:00,2038-01-01 00:00:00,1,514,,{}
159,ZBattleStage::Normal,159,banners/en/event/eve_banner/zbattle_list_banner_159.png,banners/en/event/eve_listbutton/myp_banner_event_zbattle_159.png,104458,0,35000,2024-12-27 02:00:00,2025-03-18 14:59:59,2024-12-27 02:00:00,2038-01-01 00:00:00,1,514,,{}
160,ZBattleStage::Normal,160,banners/en/event/eve_banner/zbattle_list_banner_160.png,banners/en/event/eve_listbutton/myp_banner_event_zbattle_160.png,104471,0,35000,2024-11-06 05:00:00,2024-11-29 07:59:59,2025-01-28 21:00:00,2038-01-01 00:00:00,1,514,,{}
161,ZBattleStage::Normal,161,banners/en/event/eve_banner/zbattle_list_banner_161.png,banners/en/event/eve_listbutton/myp_banner_event_zbattle_161.png,105338,0,35000,2024-12-17 05:00:00,2025-03-18 14:59:59,2025-01-07 08:00:00,2038-01-01 00:00:00,1,514,,{}
163,ZBattleStage::Normal,163,banners/en/event/eve_banner/zbattle_list_banner_163.png,banners/en/event/eve_listbutton/myp_banner_event_zbattle_163.png,105331,0,35000,2024-12-10 05:00:00,2025-03-18 14:59:59,2024-12-31 08:00:00,2038-01-01 00:00:00,1,514,,{}
164,ZBattleStage::Normal,164,banners/en/event/eve_banner/zbattle_list_banner_164.png,banners/en/event/eve_listbutton/myp_banner_event_zbattle_164.png,105582,0,35000,2025-01-07 08:00:00,2025-03-18 14:59:59,2025-03-18 15:00:00,2038-01-01 00:00:00,1,514,,{}
165,ZBattleStage::Normal,165,banners/en/event/eve_banner/zbattle_list_banner_165.png,banners/en/event/eve_listbutton/myp_banner_event_zbattle_165.png,105581,0,35000,2025-01-07 08:00:00,2025-03-18 14:59:59,2025-03-18 15:00:00,2038-01-01 00:00:00,1,514,,{}
166,ZBattleStage::Normal,166,banners/en/event/eve_banner/zbattle_list_banner_166.png,banners/en/event/eve_listbutton/myp_banner_event_zbattle_166.png,105779,0,35000,2025-02-10 08:00:00,2025-03-18 14:59:59,2025-03-18 15:00:00,2038-01-01 00:00:00,1,514,,{}
167,ZBattleStage::Normal,167,banners/en/event/eve_banner/zbattle_list_banner_167.png,banners/en/event/eve_listbutton/myp_banner_event_zbattle_167.png,105832,0,35000,2025-02-26 08:00:00,2025-03-18 14:59:59,2025-03-18 15:00:00,2038-01-01 00:00:00,1,514,,{}
168,ZBattleStage::Normal,168,banners/en/event/eve_banner/zbattle_list_banner_168.png,banners/en/event/eve_listbutton/myp_banner_event_zbattle_168.png,105833,0,35000,2025-02-26 08:00:00,2025-03-18 14:59:59,2025-03-18 15:00:00,2038-01-01 00:00:00,1,514,,{}
169,ZBattleStage::Normal,169,banners/en/event/eve_banner/zbattle_list_banner_169.png,banners/en/event/eve_listbutton/myp_banner_event_zbattle_169.png,105828,0,35000,2025-02-21 05:00:00,2025-03-18 14:59:59,2025-03-18 15:00:00,2038-01-01 00:00:00,1,514,,{}
170,ZBattleStage::Normal,170,banners/en/event/eve_banner/zbattle_list_banner_170.png,banners/en/event/eve_listbutton/myp_banner_event_zbattle_170.png,105780,0,35000,2025-02-10 08:00:00,2025-03-18 14:59:59,2025-03-18 15:00:00,2038-01-01 00:00:00,1,514,,{}
171,ZBattleStage::Normal,171,banners/en/event/eve_banner/zbattle_list_banner_171.png,banners/en/event/eve_listbutton/myp_banner_event_zbattle_171.png,105845,0,35000,2025-03-06 05:00:00,2025-03-18 14:59:59,2025-03-18 15:00:00,2038-01-01 00:00:00,1,514,,{}
172,ZBattleStage::Normal,172,banners/en/event/eve_banner/zbattle_list_banner_172.png,banners/en/event/eve_listbutton/myp_banner_event_zbattle_172.png,105868,0,35000,2025-03-20 05:00:00,2025-04-03 07:59:59,2025-04-03 08:00:00,2038-01-01 00:00:00,1,514,,{}
173,ZBattleStage::Normal,173,banners/en/event/eve_banner/zbattle_list_banner_173.png,banners/en/event/eve_listbutton/myp_banner_event_zbattle_173.png,105895,1,35000,2025-04-03 05:00:00,2025-04-20 07:59:59,2025-04-20 08:00:00,2038-01-01 00:00:00,1,514,,{}
174,ZBattleStage::Normal,174,banners/en/event/eve_banner/zbattle_list_banner_174.png,banners/en/event/eve_listbutton/myp_banner_event_zbattle_174.png,105902,1,35000,2025-04-10 05:00:00,2025-04-25 07:59:59,2025-04-25 08:00:00,2038-01-01 00:00:00,1,514,,{}
175,ZBattleStage::Normal,175,banners/en/event/eve_banner/zbattle_list_banner_175.png,banners/en/event/eve_listbutton/myp_banner_event_zbattle_175.png,105944,4,35000,2025-05-20 05:00:00,2025-06-03 07:59:59,2025-06-03 08:00:00,2038-01-01 00:00:00,1,514,,{}
176,ZBattleStage::Normal,176,banners/en/event/eve_banner/zbattle_list_banner_176.png,banners/en/event/eve_listbutton/myp_banner_event_zbattle_176.png,105931,3,35000,2025-05-08 05:00:00,2025-05-22 07:59:59,2025-05-22 08:00:00,2038-01-01 00:00:00,1,514,,{}
177,ZBattleStage::Normal,177,banners/en/event/eve_banner/zbattle_list_banner_177.png,banners/en/event/eve_listbutton/myp_banner_event_zbattle_177.png,105977,5,35000,2025-06-03 08:00:00,2025-06-19 07:59:59,2025-06-19 08:00:00,2038-01-01 00:00:00,1,514,,{}
701,ZBattleStage::Super,701,,,103942,0,35000,2024-12-27 02:00:00,2038-01-01 00:00:00,2024-03-21 08:00:00,2038-01-01 00:00:00,1,514,1.0,{}
702,ZBattleStage::Super,702,,,104085,0,35000,2024-12-27 02:00:00,2038-01-01 00:00:00,2024-06-26 06:30:00,2038-01-01 00:00:00,1,514,20.0,{}
703,ZBattleStage::Super,703,,,104039,0,35000,2024-12-27 02:00:00,2038-01-01 00:00:00,2024-05-21 08:00:00,2038-01-01 00:00:00,1,514,11.0,{}
704,ZBattleStage::Super,704,,,104083,0,35000,2024-12-27 02:00:00,2038-01-01 00:00:00,2024-06-20 06:30:00,2038-01-01 00:00:00,1,514,23.0,{}
705,ZBattleStage::Super,705,,,104349,0,35000,2024-12-27 02:00:00,2038-01-01 00:00:00,2024-10-03 08:00:00,2038-01-01 00:00:00,1,514,2.0,{}
706,ZBattleStage::Super,706,,,104399,0,35000,2024-12-27 02:00:00,2038-01-01 00:00:00,2024-11-06 08:00:00,2038-01-01 00:00:00,1,514,4.0,{}
707,ZBattleStage::Super,707,,,104459,0,35000,2024-12-27 02:00:00,2038-01-01 00:00:00,2024-11-29 08:00:00,2038-01-01 00:00:00,1,514,12.0,{}
708,ZBattleStage::Super,708,,,105329,0,35000,2024-12-03 05:00:00,2038-01-01 00:00:00,2024-12-17 08:00:00,2038-01-01 00:00:00,1,514,7.0,{}
709,ZBattleStage::Super,709,,,105776,0,35000,2025-02-05 05:00:00,2038-01-01 00:00:00,2025-03-18 15:00:00,2038-01-01 00:00:00,1,514,16.0,{}
710,ZBattleStage::Super,710,,,105777,0,35000,2025-02-05 05:00:00,2038-01-01 00:00:00,2025-03-18 15:00:00,2038-01-01 00:00:00,1,514,14.0,{}
711,ZBattleStage::Super,711,,,105807,0,35000,2025-02-17 05:00:00,2038-01-01 00:00:00,2025-03-18 15:00:00,2038-01-01 00:00:00,1,514,6.0,{}
712,ZBattleStage::Super,712,,,105741,0,35000,2025-01-31 05:00:00,2038-01-01 00:00:00,2025-03-18 15:00:00,2038-01-01 00:00:00,1,514,32.0,{}
713,ZBattleStage::Super,713,,,105742,0,35000,2025-01-31 05:00:00,2038-01-01 00:00:00,2025-03-18 15:00:00,2038-01-01 00:00:00,1,514,25.0,{}
714,ZBattleStage::Super,714,,,105806,0,35000,2025-02-17 05:00:00,2038-01-01 00:00:00,2025-03-18 15:00:00,2038-01-01 00:00:00,1,514,56.0,{}
715,ZBattleStage::Super,715,,,105844,0,35000,2025-03-06 05:00:00,2038-01-01 00:00:00,2025-03-18 08:00:00,2038-01-01 00:00:00,1,514,13.0,{}
716,ZBattleStage::Super,716,,,105928,2,35000,2025-05-01 05:00:00,2038-01-01 00:00:00,,,1,514,30.0,{}
